mc	mn	quarterbeats	quarterbeats_all_endings	duration_qb	mc_onset	mn_onset	timesig	staff	voice	label	alt_label	globalkey	localkey	pedal	chord	numeral	form	figbass	changes	relativeroot	cadence	phraseend	chord_type	globalkey_is_minor	localkey_is_minor	chord_tones	added_tones	root	bass_note
1	0	0	0	0.5	0	5/8	6/8	2	1	a.i		a	i		i	i							m	1	1	0, -3, 1		0	0
2	1	1/2	1/2	2.5	0	0	6/8	2	1	iv6	VI	a	i		iv6	iv		6					m	1	1	-4, 0, -1		-1	-4
2	1	3	3	0.5	5/8	5/8	6/8	2	1	V	III6	a	i		V	V							M	1	1	1, 5, 2		1	1
3	2	7/2	7/2	2.5	0	0	6/8	2	1	V64(#6b5)/V		a	i		V64(#6b5)/V	V		64	#6b5	V			M	1	1	-4, 2, 6	12	2	-4
3	2	6	6	0.5	5/8	5/8	6/8	2	1	V43(b5)/V		a	i		V43(b5)/V	V		43	b5	V			Mm7	1	1	-4, 0, 2, 6		2	-4
4	3	13/2	13/2	0.5	0	0	6/8	2	1	V7(#4)		a	i		V7(#4)	V		7	#4				Mm7	1	1	1, 5, 7, -1		1	1
4	3	7	7	5.0	1/8	1/8	6/8	2	1	V7\\		a	i		V7	V		7				\\	Mm7	1	1	1, 5, 2, -1		1	1
5	4	12	12	0.5	5/8	5/8	6/8	2	1	V64		a	i		V64	V		64					M	1	1	2, 1, 5		1	2
6	5	25/2	25/2	2.5	0	0	6/8	2	1	V6		a	i		V6	V		6					M	1	1	5, 2, 1		1	5
6	5	15	15	0.5	5/8	5/8	6/8	2	1	v6		a	i		v6	v		6					m	1	1	-2, 2, 1		1	-2
7	6	31/2	31/2	2.5	0	0	6/8	2	1	V64(6b5)/VII		a	i		V64(6b5)/VII	V		64	6b5	VII			M	1	1	-7, 2, -1, 3		-1	-7
7	6	18	18	0.5	5/8	5/8	6/8	2	1	V43(b5)/VII		a	i		V43(b5)/VII	V		43	b5	VII			Mm7	1	1	-7, -3, -1, 3		-1	-7
8	7	37/2	37/2	0.5	0	0	6/8	2	1	V7(#4)/III		a	i		V7(#4)/III	V		7	#4	III			Mm7	1	1	-2, 2, 4, -4		-2	-2
8	7	19	19	3.5	1/8	1/8	6/8	2	1	V7/III\\		a	i		V7/III	V		7		III		\\	Mm7	1	1	-2, 2, -1, -4		-2	-2
9	8	45/2	45/2	0.5	1/4	1/4	6/8	2	1	VII64		a	i		VII64	VII		64					M	1	1	-1, -2, 2		-2	-1
9	8	23	23	2.0	3/8	3/8	6/8	2	1	VII6		a	i		VII6	VII		6					M	1	1	2, -1, -2		-2	2
10	9	25	25	1.5	1/8	1/8	6/8	2	1	vii6		a	i		vii6	vii		6					m	1	1	-5, -1, -2		-2	-5
10	9	53/2	53/2	1.0	1/2	1/2	6/8	2	1	i		a	i		i	i							m	1	1	0, -3, 1		0	0
11	10	55/2	55/2	2.5	0	0	6/8	2	1	#viio65(4)		a	i		#viio65(4)	#vii	o	65	4				o7	1	1	-3, -1, -4, 5		5	-3
11	10	30	30	0.5	5/8	5/8	6/8	2	1	V64(6)		a	i		V64(6)	V		64	6				M	1	1	-3, 1, 5		1	-3
12	11	61/2	61/2	0.5	0	0	6/8	2	1	V7(#4)/V		a	i		V7(#4)/V	V		7	#4	V			Mm7	1	1	2, 6, 8, 0		2	2
12	11	31	31	2.5	1/8	1/8	6/8	2	1	V7/V\\		a	i		V7/V	V		7		V		\\	Mm7	1	1	2, 6, 3, 0		2	2
13	12	67/2	67/2	2.5	0	0	6/8	2	1	#viio65(4)		a	i		#viio65(4)	#vii	o	65	4				o7	1	1	-3, -1, -4, 5		5	-3
13	12	36	36	0.5	5/8	5/8	6/8	2	1	V64(6)		a	i		V64(6)	V		64	6				M	1	1	-3, 1, 5		1	-3
14	13	73/2	73/2	0.5	0	0	6/8	2	1	V7(#4)/V		a	i		V7(#4)/V	V		7	#4	V			Mm7	1	1	2, 6, 8, 0		2	2
14	13	37	37	8.5	1/8	1/8	6/8	2	1	V7/V\\		a	i		V7/V	V		7		V		\\	Mm7	1	1	2, 6, 3, 0		2	2
17	16	91/2	91/2	0.5	0	0	6/8	2	1	V7(#8)		a	i		V7(#8)	V		7	#8				Mm7	1	1	1, 5, 2, -1		1	1
17	16	46	46	1.5	1/8	1/8	6/8	2	1	V7(9)		a	i		V7(9)	V		7	9				Mm7	1	1	1, 5, 2, -1	-4	1	1
17	16	95/2	95/2	0.5	1/2	1/2	6/8	2	1	v7		a	i		v7	v		7					mm7	1	1	1, -2, 2, -1		1	1
17	16	48	48	0.5	5/8	5/8	6/8	2	1	V7		a	i		V7	V		7					Mm7	1	1	1, 5, 2, -1		1	1
18	17	97/2	97/2	1.5	0	0	6/8	2	1	VI(11)		a	i		VI(11)	VI			11				M	1	1	-4, 0, -3	2	-4	-4
18	17	50	50	1.5	3/8	3/8	6/8	2	1	VI		a	i		VI	VI							M	1	1	-4, 0, -3		-4	-4
19	18	103/2	103/2	1.5	0	0	6/8	2	1	V65/VII		a	i		V65/VII	V		65		VII			Mm7	1	1	3, 0, -3, -1		-1	3
19	18	53	53	1.5	3/8	3/8	6/8	2	1	V(64)/III		a	i		V(64)/III	V			64	III			M	1	1	-2, -3, 1		-2	-2
20	19	109/2	109/2	0.5	0	0	6/8	2	1	vii%65/VII		a	i		vii%65/VII	vii	%	65		VII			%7	1	1	0, -3, 1, 3		3	0
20	19	55	55	1.0	1/8	1/8	6/8	2	1	V43/VII		a	i		V43/VII	V		43		VII			Mm7	1	1	0, -3, -1, 3		-1	0
20	19	56	56	1.0	3/8	3/8	6/8	2	1	V/III		a	i		V/III	V				III			M	1	1	-2, 2, -1		-2	-2
20	19	57	57	0.5	5/8	5/8	6/8	2	1	V2/III		a	i		V2/III	V		2		III			Mm7	1	1	-4, -2, 2, -1		-2	-4
21	20	115/2	115/2	1.0	0	0	6/8	2	1	III6		a	i		III6	III		6					M	1	1	1, -2, -3		-3	1
21	20	117/2	117/2	0.5	1/4	1/4	6/8	2	1	VI6/iv		a	i		VI6/iv	VI		6		iv			M	1	1	-1, -4, -5		-5	-1
21	20	59	59	1.5	3/8	3/8	6/8	2	1	#viio7/iv		a	i		#viio7/iv	#vii	o	7		iv			o7	1	1	4, 1, -2, -5		4	4
22	21	121/2	121/2	0.5	0	0	6/8	2	1	iv(4)		a	i		iv(4)	iv			4				m	1	1	-1, -2, 0		-1	-1
22	21	61	61	1.0	1/8	1/8	6/8	2	1	iv		a	i		iv	iv							m	1	1	-1, -4, 0		-1	-1
22	21	62	62	0.5	3/8	3/8	6/8	2	1	bII6/iv		a	i		bII6/iv	bII		6		iv			M	1	1	-2, -5, -6		-6	-2
22	21	125/2	125/2	0.5	1/2	1/2	6/8	2	1	bIIM65/iv		a	i		bIIM65/iv	bII	M	65		iv			MM7	1	1	-2, -5, -1, -6		-6	-2
22	21	63	63	0.5	5/8	5/8	6/8	2	1	iio6/iv		a	i		iio6/iv	ii	o	6		iv			o	1	1	-2, -5, 1		1	-2
23	22	127/2	127/2	0.5	0	0	6/8	2	1	V(4)/iv		a	i		V(4)/iv	V			4	iv			M	1	1	0, -1, 1		0	0
23	22	64	64	0.5	1/8	1/8	6/8	2	1	V/iv		a	i		V/iv	V				iv			M	1	1	0, 4, 1		0	0
23	22	129/2	129/2	0.5	1/4	1/4	6/8	2	1	V7/iv		a	i		V7/iv	V		7		iv			Mm7	1	1	0, 4, 1, -2		0	0
23	22	65	65	0.5	3/8	3/8	6/8	2	1	#viio7(#4)/ii		a	i		#viio7(#4)/ii	#vii	o	7	#4	ii			o7	1	1	7, 4, 6, -2		7	7
23	22	131/2	131/2	0.5	1/2	1/2	6/8	2	1	V6(#6)/ii		a	i		V6(#6)/ii	V		6	#6	ii			M	1	1	7, 4, 3	6	3	7
23	22	66	66	0.5	5/8	5/8	6/8	2	1	V65(b5)/ii		a	i		V65(b5)/ii	V		65	b5	ii			Mm7	1	1	7, -3, 1, 3		3	7
24	23	133/2	133/2	0.5	0	0	6/8	2	1	V(4)/V		a	i		V(4)/V	V			4	V			M	1	1	2, 1, 3		2	2
24	23	67	67	1.0	1/8	1/8	6/8	2	1	V/V		a	i		V/V	V				V			M	1	1	2, 6, 3		2	2
24	23	68	68	1.5	3/8	3/8	6/8	2	1	vii%43/V		a	i		vii%43/V	vii	%	43		V			%7	1	1	0, 4, 6, 3		6	0
25	24	139/2	139/2	1.0	0	0	6/8	2	1	#iii64		a	i		#iii64	#iii		64					m	1	1	5, 4, 1		4	5
25	24	141/2	141/2	0.5	1/4	1/4	6/8	2	1	V7		a	i		V7	V		7					Mm7	1	1	1, 5, 2, -1		1	1
25	24	71	71	0.5	3/8	3/8	6/8	2	1	I(74#2)		a	i		I(74#2)	I			74#2				M	1	1	0, 9, -1, 1	-2	0	0
25	24	143/2	143/2	1.0	1/2	1/2	6/8	2	1	I		a	i		I	I							M	1	1	0, 4, 1		0	0
26	25	145/2	145/2	2.5	0	0	6/8	2	1	vii%43/V		a	i		vii%43/V	vii	%	43		V			%7	1	1	0, 4, 6, 3		6	0
26	25	75	75	0.5	5/8	5/8	6/8	2	1	viio43/V		a	i		viio43/V	vii	o	43		V			o7	1	1	0, -3, 6, 3		6	0
27	26	151/2	151/2	0.5	0	0	6/8	2	1	V6(#11)		a	i		V6(#11)	V		6	#11				M	1	1	5, 2, 1	7	1	5
27	26	76	76	1.0	1/8	1/8	6/8	2	1	V6		a	i		V6	V		6					M	1	1	5, 2, 1		1	5
27	26	77	77	1.5	3/8	3/8	6/8	2	1	#iii7		a	i		#iii7	#iii		7					mm7	1	1	4, 1, 5, 2		4	4
28	27	157/2	157/2	2.5	0	0	6/8	2	1	V7(4)/ii		a	i		V7(4)/ii	V		7	4	ii			Mm7	1	1	3, 2, 4, 1		3	3
28	27	81	81	0.5	5/8	5/8	6/8	2	1	V/ii		a	i		V/ii	V				ii			M	1	1	3, 7, 4		3	3
29	28	163/2	163/2	0.5	0	0	6/8	2	1	V7(#13)/V		a	i		V7(#13)/V	V		7	#13	V			Mm7	1	1	2, 6, 3, 0	12	2	2
29	28	82	82	1.0	1/8	1/8	6/8	2	1	V7/V		a	i		V7/V	V		7		V			Mm7	1	1	2, 6, 3, 0		2	2
29	28	83	83	1.5	3/8	3/8	6/8	2	1	viio2/V		a	i		viio2/V	vii	o	2		V			o7	1	1	-3, 6, 3, 0		6	-3
30	29	169/2	169/2	3.0	0	0	6/8	2	1	viio7/V		a	i		viio7/V	vii	o	7		V			o7	1	1	6, 3, 0, -3		6	6
31	30	175/2	175/2	0.5	0	0	6/8	2	1	viio2(4)/V		a	i		viio2(4)/V	vii	o	2	4	V			o7	1	1	-3, 6, 5, 0		6	-3
31	30	88	88	1.0	1/8	1/8	6/8	2	1	viio2/V		a	i		viio2/V	vii	o	2		V			o7	1	1	-3, 6, 3, 0		6	-3
31	30	89	89	1.5	3/8	3/8	6/8	2	1	V6/iv		a	i		V6/iv	V		6		iv			M	1	1	4, 1, 0		0	4
32	31	181/2	181/2	3.0	0	0	6/8	2	1	V43/iv		a	i		V43/iv	V		43		iv			Mm7	1	1	1, -2, 0, 4		0	1
33	32	187/2	187/2	0.5	0	0	6/8	2	1	iv6(#7#4)		a	i		iv6(#7#4)	iv		6	#7#4				m	1	1	-4, 5, 4		-1	-4
33	32	94	94	0.5	1/8	1/8	6/8	2	1	iv6(#7)		a	i		iv6(#7)	iv		6	#7				m	1	1	-4, 0, 4		-1	-4
33	32	189/2	189/2	0.5	1/4	1/4	6/8	2	1	iv6		a	i		iv6	iv		6					m	1	1	-4, 0, -1		-1	-4
33	32	95	95	0.5	3/8	3/8	6/8	2	1	viio6/V		a	i		viio6/V	vii	o	6		V			o	1	1	3, 0, 6		6	3
33	32	191/2	191/2	0.5	1/2	1/2	6/8	2	1	V64/V		a	i		V64/V	V		64		V			M	1	1	3, 2, 6		2	3
33	32	96	96	0.5	5/8	5/8	6/8	2	1	ii%7/V		a	i		ii%7/V	ii	%	7		V			%7	1	1	3, 0, -3, 1		3	3
34	33	193/2	193/2	1.5	0	0	6/8	2	1	III64		a	i		III64	III		64					M	1	1	-2, -3, 1		-3	-2
34	33	98	98	0.5	3/8	3/8	6/8	2	1	#viio7(4)		a	i		#viio7(4)	#vii	o	7	4				o7	1	1	5, -3, -1, -4		5	5
34	33	197/2	197/2	1.0	1/2	1/2	6/8	2	1	#viio7		a	i		#viio7	#vii	o	7					o7	1	1	5, 2, -1, -4		5	5
35	34	199/2	199/2	0.5	0	0	6/8	2	1	vii%65/VII		a	i		vii%65/VII	vii	%	65		VII			%7	1	1	0, -3, 1, 3		3	0
35	34	100	100	0.5	1/8	1/8	6/8	2	1	V43/VII		a	i		V43/VII	V		43		VII			Mm7	1	1	0, -3, -1, 3		-1	0
35	34	201/2	201/2	0.5	1/4	1/4	6/8	2	1	V43(b5)/VII		a	i		V43(b5)/VII	V		43	b5	VII			Mm7	1	1	-7, -3, -1, 3		-1	-7
35	34	101	101	0.5	3/8	3/8	6/8	2	1	V7/III		a	i		V7/III	V		7		III			Mm7	1	1	-2, 2, -1, -4		-2	-2
35	34	203/2	203/2	0.5	1/2	1/2	6/8	2	1	v6		a	i		v6	v		6					m	1	1	-2, 2, 1		1	-2
35	34	102	102	0.5	5/8	5/8	6/8	2	1	viio64/III		a	i		viio64/III	vii	o	64		III			o	1	1	-4, 2, -1		2	-4
36	35	205/2	205/2	1.0	0	0	6/8	2	1	V65/VI		a	i		V65/VI	V		65		VI			Mm7	1	1	1, -2, -5, -3		-3	1
36	35	207/2	207/2	0.5	1/4	1/4	6/8	2	1	iv64/iv		a	i		iv64/iv	iv		64		iv			m	1	1	-1, -2, -5		-2	-1
36	35	104	104	0.5	3/8	3/8	6/8	2	1	#viio7/iv		a	i		#viio7/iv	#vii	o	7		iv			o7	1	1	4, 1, -2, -5		4	4
36	35	209/2	209/2	0.5	1/2	1/2	6/8	2	1	V6/iv		a	i		V6/iv	V		6		iv			M	1	1	4, 1, 0		0	4
36	35	105	105	0.5	5/8	5/8	6/8	2	1	#viio7/iv		a	i		#viio7/iv	#vii	o	7		iv			o7	1	1	4, 1, -2, -5		4	4
37	36	211/2	211/2	1.0	0	0	6/8	2	1	iv(4)		a	i		iv(4)	iv			4				m	1	1	-1, -2, 0		-1	-1
37	36	213/2	213/2	0.5	1/4	1/4	6/8	2	1	iv		a	i		iv	iv							m	1	1	-1, -4, 0		-1	-1
37	36	107	107	0.5	3/8	3/8	6/8	2	1	viio6(b3)/III		a	i		viio6(b3)/III	vii	o	6	b3	III			o	1	1	-8, -4, 2		2	-8
37	36	215/2	215/2	0.75	1/2	1/2	6/8	2	1	V43(b5)/III		a	i		V43(b5)/III	V		43	b5	III			Mm7	1	1	-8, -4, -2, 2		-2	-8
37	36	433/4	433/4	0.25	11/16	11/16	6/8	2	1	vii%65(b3)/III		a	i		vii%65(b3)/III	vii	%	65	b3	III			%7	1	1	-8, -4, 0, 2		2	-8
38	37	217/2	217/2	0.5	0	0	6/8	2	1	V7(#4)/VI		a	i		V7(#4)/VI	V		7	#4	VI			Mm7	1	1	-3, 1, 3, -5		-3	-3
38	37	109	109	1.0	1/8	1/8	6/8	2	1	V7/VI		a	i		V7/VI	V		7		VI			Mm7	1	1	-3, 1, -2, -5		-3	-3
38	37	110	110	0.5	3/8	3/8	6/8	2	1	viio6(b3)/III		a	i		viio6(b3)/III	vii	o	6	b3	III			o	1	1	-8, -4, 2		2	-8
38	37	221/2	221/2	0.75	1/2	1/2	6/8	2	1	V43(b5)/III		a	i		V43(b5)/III	V		43	b5	III			Mm7	1	1	-8, -4, -2, 2		-2	-8
38	37	445/4	445/4	0.25	11/16	11/16	6/8	2	1	vii%65(b3)/III		a	i		vii%65(b3)/III	vii	%	65	b3	III			%7	1	1	-8, -4, 0, 2		2	-8
39	38	223/2	223/2	0.5	0	0	6/8	2	1	V7(#4)/VI		a	i		V7(#4)/VI	V		7	#4	VI			Mm7	1	1	-3, 1, 3, -5		-3	-3
39	38	112	112	1.0	1/8	1/8	6/8	2	1	V7/VI		a	i		V7/VI	V		7		VI			Mm7	1	1	-3, 1, -2, -5		-3	-3
39	38	113	113	0.5	3/8	3/8	6/8	2	1	#viio6(b3)/iv		a	i		#viio6(b3)/iv	#vii	o	6	b3	iv			o	1	1	-6, -2, 4		4	-6
39	38	227/2	227/2	0.75	1/2	1/2	6/8	2	1	V43(b5)/iv		a	i		V43(b5)/iv	V		43	b5	iv			Mm7	1	1	-6, -2, 0, 4		0	-6
39	38	457/4	457/4	0.25	11/16	11/16	6/8	2	1	#viio65(b3)/iv		a	i		#viio65(b3)/iv	#vii	o	65	b3	iv			o7	1	1	-6, -2, -5, 4		4	-6
40	39	229/2	229/2	0.5	0	0	6/8	2	1	V7(#4)/VII		a	i		V7(#4)/VII	V		7	#4	VII			Mm7	1	1	-1, 3, 5, -3		-1	-1
40	39	115	115	1.0	1/8	1/8	6/8	2	1	V7/VII		a	i		V7/VII	V		7		VII			Mm7	1	1	-1, 3, 0, -3		-1	-1
40	39	116	116	0.5	3/8	3/8	6/8	2	1	#viio6(b3)/iv		a	i		#viio6(b3)/iv	#vii	o	6	b3	iv			o	1	1	-6, -2, 4		4	-6
40	39	233/2	233/2	0.75	1/2	1/2	6/8	2	1	V43(b5)/iv		a	i		V43(b5)/iv	V		43	b5	iv			Mm7	1	1	-6, -2, 0, 4		0	-6
40	39	469/4	469/4	0.25	11/16	11/16	6/8	2	1	#viio65(b3)/iv		a	i		#viio65(b3)/iv	#vii	o	65	b3	iv			o7	1	1	-6, -2, -5, 4		4	-6
41	40	235/2	235/2	0.5	0	0	6/8	2	1	V7(#4)/VII		a	i		V7(#4)/VII	V		7	#4	VII			Mm7	1	1	-1, 3, 5, -3		-1	-1
41	40	118	118	1.0	1/8	1/8	6/8	2	1	V7/VII		a	i		V7/VII	V		7		VII			Mm7	1	1	-1, 3, 0, -3		-1	-1
41	40	119	119	0.5	3/8	3/8	6/8	2	1	viio6(b3)/V		a	i		viio6(b3)/V	vii	o	6	b3	V			o	1	1	-4, 0, 6		6	-4
41	40	239/2	239/2	0.75	1/2	1/2	6/8	2	1	V43(b5)/V		a	i		V43(b5)/V	V		43	b5	V			Mm7	1	1	-4, 0, 2, 6		2	-4
41	40	481/4	481/4	0.25	11/16	11/16	6/8	2	1	viio65(b3)/V		a	i		viio65(b3)/V	vii	o	65	b3	V			o7	1	1	-4, 0, -3, 6		6	-4
42	41	241/2	241/2	0.5	0	0	6/8	2	1	V7(b9)/V		a	i		V7(b9)/V	V		7	b9	V			Mm7	1	1	2, 6, 3, 0	-3	2	2
42	41	121	121	1.0	1/8	1/8	6/8	2	1	V7/V		a	i		V7/V	V		7		V			Mm7	1	1	2, 6, 3, 0		2	2
42	41	122	122	0.5	3/8	3/8	6/8	2	1	viio6(b3)/V		a	i		viio6(b3)/V	vii	o	6	b3	V			o	1	1	-4, 0, 6		6	-4
42	41	245/2	245/2	0.75	1/2	1/2	6/8	2	1	V43(b5)/V		a	i		V43(b5)/V	V		43	b5	V			Mm7	1	1	-4, 0, 2, 6		2	-4
42	41	493/4	493/4	0.25	11/16	11/16	6/8	2	1	viio65(b3)/V		a	i		viio65(b3)/V	vii	o	65	b3	V			o7	1	1	-4, 0, -3, 6		6	-4
43	42	247/2	247/2	0.5	0	0	6/8	2	1	V7(b9)/V		a	i		V7(b9)/V	V		7	b9	V			Mm7	1	1	2, 6, 3, 0	-3	2	2
43	42	124	124	1.0	1/8	1/8	6/8	2	1	V7/V		a	i		V7/V	V		7		V			Mm7	1	1	2, 6, 3, 0		2	2
43	42	125	125	0.5	3/8	3/8	6/8	2	1	viio65/V		a	i		viio65/V	vii	o	65		V			o7	1	1	3, 0, -3, 6		6	3
43	42	251/2	251/2	1.0	1/2	1/2	6/8	2	1	V64(b9)/V		a	i		V64(b9)/V	V		64	b9	V			M	1	1	3, 2, 6	-3	2	3
44	43	253/2	253/2	0.5	0	0	6/8	2	1	I.#viio65/iii		a	I		#viio65/iii	#vii	o	65		iii			o7	1	0	6, 3, 0, 9		9	6
44	43	127	127	1.0	1/8	1/8	6/8	2	1	vii%7/V		a	I		vii%7/V	vii	%	7		V			%7	1	0	6, 3, 0, 4		6	6
44	43	128	128	1.0	3/8	3/8	6/8	2	1	V65/iii		a	I		V65/iii	V		65		iii			Mm7	1	0	9, 6, 3, 5		5	9
44	43	129	129	0.5	5/8	5/8	6/8	2	1	V7/iii		a	I		V7/iii	V		7		iii			Mm7	1	0	5, 9, 6, 3		5	5
45	44	259/2	259/2	1.5	0	0	6/8	2	1	I(#4)		a	I		I(#4)	I			#4				M	1	0	0, 4, 6		0	0
45	44	131	131	1.5	3/8	3/8	6/8	2	1	I		a	I		I	I							M	1	0	0, 4, 1		0	0
46	45	265/2	265/2	2.5	0	0	6/8	2	1	vii%43/V		a	I		vii%43/V	vii	%	43		V			%7	1	0	0, 4, 6, 3		6	0
46	45	135	135	0.5	5/8	5/8	6/8	2	1	viio43/V		a	I		viio43/V	vii	o	43		V			o7	1	0	0, -3, 6, 3		6	0
47	46	271/2	271/2	0.5	0	0	6/8	2	1	V6(#4)		a	I		V6(#4)	V		6	#4				M	1	0	5, 7, 1		1	5
47	46	136	136	1.0	1/8	1/8	6/8	2	1	V6		a	I		V6	V		6					M	1	0	5, 2, 1		1	5
47	46	137	137	1.5	3/8	3/8	6/8	2	1	iii7		a	I		iii7	iii		7					mm7	1	0	4, 1, 5, 2		4	4
48	47	277/2	277/2	2.5	0	0	6/8	2	1	V7(4)/ii		a	I		V7(4)/ii	V		7	4	ii			Mm7	1	0	3, 2, 4, 1		3	3
48	47	141	141	0.5	5/8	5/8	6/8	2	1	V/ii		a	I		V/ii	V				ii			M	1	0	3, 7, 4		3	3
49	48	283/2	283/2	0.5	0	0	6/8	2	1	V7(13)/V		a	I		V7(13)/V	V		7	13	V			Mm7	1	0	2, 6, 3, 0	5	2	2
49	48	142	142	1.0	1/8	1/8	6/8	2	1	V7/V		a	I		V7/V	V		7		V			Mm7	1	0	2, 6, 3, 0		2	2
49	48	143	143	1.5	3/8	3/8	6/8	2	1	viio2/V		a	I		viio2/V	vii	o	2		V			o7	1	0	-3, 6, 3, 0		6	-3
50	49	289/2	289/2	1.25	0	0	6/8	2	1	viio7/V		a	I		viio7/V	vii	o	7		V			o7	1	0	6, 3, 0, -3		6	6
50	49	583/4	583/4	1.75	5/16	5/16	6/8	2	1	V6(b9)/V		a	I		V6(b9)/V	V		6	b9	V			M	1	0	6, 3, 2	-3	2	6
51	50	295/2	295/2	0.5	0	0	6/8	2	1	viio2(4)/V		a	I		viio2(4)/V	vii	o	2	4	V			o7	1	0	-3, 6, 5, 0		6	-3
51	50	148	148	1.0	1/8	1/8	6/8	2	1	viio2/V		a	I		viio2/V	vii	o	2		V			o7	1	0	-3, 6, 3, 0		6	-3
51	50	149	149	1.5	3/8	3/8	6/8	2	1	I6		a	I		I6	I		6					M	1	0	4, 1, 0		0	4
52	51	301/2	301/2	0.5	0	0	6/8	2	1	V43/IV		a	I		V43/IV	V		43		IV			Mm7	1	0	1, -2, 0, 4		0	1
52	51	151	151	2.5	1/8	1/8	6/8	2	1	viio6/IV		a	I		viio6/IV	vii	o	6		IV			o	1	0	1, -2, 4		4	1
53	52	307/2	307/2	3.0	0	0	6/8	2	1	V6(6)/vi		a	I		V6(6)/vi	V		6	6	vi			M	1	0	8, 0, 4		4	8
54	53	313/2	313/2	0.5	0	0	6/8	2	1	vi		a	I		vi	vi							m	1	0	3, 0, 4		3	3
54	53	157	157	0.5	1/8	1/8	6/8	2	1	IV6		a	I		IV6	IV		6					M	1	0	3, 0, -1		-1	3
54	53	315/2	315/2	0.5	1/4	1/4	6/8	2	1	vii%65/V		a	I		vii%65/V	vii	%	65		V			%7	1	0	3, 0, 4, 6		6	3
54	53	158	158	1.0	3/8	3/8	6/8	2	1	v6(#6#4)		a	I		v6(#6#4)	v		6	#6#4				m	1	0	-2, 7, 1	11	1	-2
54	53	159	159	0.5	5/8	5/8	6/8	2	1	v6		a	I		v6	v		6					m	1	0	-2, 2, 1		1	-2
55	54	319/2	319/2	1.0	0	0	6/8	2	1	V6		a	I		V6	V		6					M	1	0	5, 2, 1		1	5
55	54	321/2	321/2	0.5	1/4	1/4	6/8	2	1	#viio65/vi		a	I		#viio65/vi	#vii	o	65		vi			o7	1	0	5, 2, -1, 8		8	5
55	54	161	161	1.0	3/8	3/8	6/8	2	1	iv6(6#4)		a	I		iv6(6#4)	iv		6	6#4				m	1	0	-4, 12, 2, -1		-1	-4
55	54	162	162	0.5	5/8	5/8	6/8	2	1	iv6		a	I		iv6	iv		6					m	1	0	-4, 0, -1		-1	-4
56	55	325/2	325/2	1.5	0	0	6/8	2	1	V65/ii		a	I		V65/ii	V		65		ii			Mm7	1	0	7, 4, 1, 3		3	7
56	55	164	164	1.5	3/8	3/8	6/8	2	1	V64		a	I		V64	V		64					M	1	0	2, 1, 5		1	2
57	56	331/2	331/2	0.5	0	0	6/8	2	1	#viio7(4)/iii		a	I		#viio7(4)/iii	#vii	o	7	4	iii			o7	1	0	9, 1, 3, 0		9	9
57	56	166	166	1.0	1/8	1/8	6/8	2	1	#viio7/iii		a	I		#viio7/iii	#vii	o	7		iii			o7	1	0	9, 6, 3, 0		9	9
57	56	167	167	0.5	3/8	3/8	6/8	2	1	V64(2)/ii		a	I		V64(2)/ii	V		64	2	ii			M	1	0	4, -2, 7		3	4
57	56	335/2	335/2	0.5	1/2	1/2	6/8	2	1	V64/ii		a	I		V64/ii	V		64		ii			M	1	0	4, 3, 7		3	4
57	56	168	168	0.5	5/8	5/8	6/8	2	1	V43/ii		a	I		V43/ii	V		43		ii			Mm7	1	0	4, 1, 3, 7		3	4
58	57	337/2	337/2	1.0	0	0	6/8	2	1	V7/V		a	I		V7/V	V		7		V			Mm7	1	0	2, 6, 3, 0		2	2
58	57	339/2	339/2	0.5	1/4	1/4	6/8	2	1	vii%43/V		a	I		vii%43/V	vii	%	43		V			%7	1	0	0, 4, 6, 3		6	0
58	57	170	170	1.0	3/8	3/8	6/8	2	1	V65		a	I		V65	V		65					Mm7	1	0	5, 2, -1, 1		1	5
58	57	171	171	0.5	5/8	5/8	6/8	2	1	ii43		a	I		ii43	ii		43					mm7	1	0	3, 0, 2, -1		2	3
59	58	343/2	343/2	0.5	0	0	6/8	2	1	#viio7/vi		a	I		#viio7/vi	#vii	o	7		vi			o7	1	0	8, 5, 2, -1		8	8
59	58	172	172	0.5	1/8	1/8	6/8	2	1	V65/vi		a	I		V65/vi	V		65		vi			Mm7	1	0	8, 5, 2, 4		4	8
59	58	345/2	345/2	0.5	1/4	1/4	6/8	2	1	#viio7/vi		a	I		#viio7/vi	#vii	o	7		vi			o7	1	0	8, 5, 2, -1		8	8
59	58	173	173	0.5	3/8	3/8	6/8	2	1	IV6		a	I		IV6	IV		6					M	1	0	3, 0, -1		-1	3
59	58	347/2	347/2	0.5	1/2	1/2	6/8	2	1	ii64		a	I		ii64	ii		64					m	1	0	3, 2, -1		2	3
59	58	174	174	0.25	5/8	5/8	6/8	2	1	V43/V		a	I		V43/V	V		43		V			Mm7	1	0	3, 0, 2, 6		2	3
59	58	697/4	697/4	0.25	11/16	11/16	6/8	2	1	viio65/V		a	I		viio65/V	vii	o	65		V			o7	1	0	3, 0, -3, 6		6	3
60	59	349/2	349/2	1.0	0	0	6/8	2	1	bIII64(13)		a	I		bIII64(13)	bIII		64	13				M	1	0	-2, -3, 1	0	-3	-2
60	59	351/2	351/2	0.5	1/4	1/4	6/8	2	1	bIII64		a	I		bIII64	bIII		64					M	1	0	-2, -3, 1		-3	-2
60	59	176	176	1.5	3/8	3/8	6/8	2	1	bIII64(b6)		a	I		bIII64(b6)	bIII		64	b6				M	1	0	-7, -3, 1		-3	-7
61	60	355/2	355/2	0.5	0	0	6/8	2	1	V43(42)/bVII		a	I		V43(42)/bVII	V		43	42	bVII			Mm7	1	0	0, -3, 1, -2		-1	0
61	60	178	178	0.5	1/8	1/8	6/8	2	1	V43(4)/bVII		a	I		V43(4)/bVII	V		43	4	bVII			Mm7	1	0	0, -3, -1, -2		-1	0
61	60	357/2	357/2	0.5	1/4	1/4	6/8	2	1	V43/bVII		a	I		V43/bVII	V		43		bVII			Mm7	1	0	0, -3, -1, 3		-1	0
61	60	179	179	1.0	3/8	3/8	6/8	2	1	vii%7/bIII		a	I		vii%7/bIII	vii	%	7		bIII			%7	1	0	2, -1, -4, 0		2	2
61	60	180	180	0.5	5/8	5/8	6/8	2	1	viio7/bIII		a	I		viio7/bIII	vii	o	7		bIII			o7	1	0	2, -1, -4, -7		2	2
62	61	361/2	361/2	0.5	0	0	6/8	2	1	viio64/bVI		a	I		viio64/bVI	vii	o	64		bVI			o	1	0	-5, 1, -2		1	-5
62	61	181	181	0.5	1/8	1/8	6/8	2	1	V2/bVI		a	I		V2/bVI	V		2		bVI			Mm7	1	0	-5, -3, 1, -2		-3	-5
62	61	363/2	363/2	0.5	1/4	1/4	6/8	2	1	bII6/IV		a	I		bII6/IV	bII		6		IV			M	1	0	-2, -5, -6		-6	-2
62	61	182	182	0.5	3/8	3/8	6/8	2	1	ii%7/IV		a	I		ii%7/IV	ii	%	7		IV			%7	1	0	1, -2, -5, -1		1	1
62	61	365/2	365/2	0.5	1/2	1/2	6/8	2	1	V64(4)/IV		a	I		V64(4)/IV	V		64	4	IV			M	1	0	1, 0, -1		0	1
62	61	183	183	0.5	5/8	5/8	6/8	2	1	viio7/IV		a	I		viio7/IV	vii	o	7		IV			o7	1	0	4, 1, -2, -5		4	4
63	62	367/2	367/2	0.5	0	0	6/8	2	1	IV(4)		a	I		IV(4)	IV			4				M	1	0	-1, 5, 0		-1	-1
63	62	184	184	1.0	1/8	1/8	6/8	2	1	V7/bVII		a	I		V7/bVII	V		7		bVII			Mm7	1	0	-1, 3, 0, -3		-1	-1
63	62	185	185	0.5	3/8	3/8	6/8	2	1	V6(b6b2)/V		a	I		V6(b6b2)/V	V		6	b6b2	V			M	1	0	6, -2, -3		2	6
63	62	371/2	371/2	0.75	1/2	1/2	6/8	2	1	V6/V		a	I		V6/V	V		6		V			M	1	0	6, 3, 2		2	6
63	62	745/4	745/4	0.25	11/16	11/16	6/8	2	1	viio(b3)/V		a	I		viio(b3)/V	vii	o		b3	V			o	1	0	6, -4, 0		6	6
64	63	373/2	373/2	0.5	0	0	6/8	2	1	V[V(4)		a	I	V	V(4)	V			4				M	1	0	1, 0, 2		1	1
64	63	187	187	1.0	1/8	1/8	6/8	2	1	V		a	I	V	V	V							M	1	0	1, 5, 2		1	1
64	63	188	188	1.25	3/8	3/8	6/8	2	1	IV		a	I	V	IV	IV							M	1	0	-1, 3, 0		-1	-1
64	63	757/4	757/4	0.25	11/16	11/16	6/8	2	1	ii6		a	I	V	ii6	ii		6					m	1	0	-1, 3, 2		2	-1
65	64	379/2	379/2	0.5	0	0	6/8	2	1	V7(#4#2)		a	I	V	V7(#4#2)	V		7	#4#2				Mm7	1	0	1, 10, 7, -1		1	1
65	64	190	190	0.5	1/8	1/8	6/8	2	1	V7		a	I	V	V7	V		7					Mm7	1	0	1, 5, 2, -1		1	1
65	64	381/2	381/2	0.5	1/4	1/4	6/8	2	1	V7(9)		a	I	V	V7(9)	V		7	9				Mm7	1	0	1, 5, 2, -1	3	1	1
65	64	191	191	1.25	3/8	3/8	6/8	2	1	V		a	I	V	V	V							M	1	0	1, 5, 2		1	1
65	64	769/4	769/4	0.25	11/16	11/16	6/8	2	1	iii6		a	I	V	iii6	iii		6					m	1	0	1, 5, 4		4	1
66	65	385/2	385/2	0.5	0	0	6/8	2	1	V+		a	I	V	V+	V	+						+	1	0	1, 5, 9		1	1
66	65	193	193	0.5	1/8	1/8	6/8	2	1	I64		a	I	V	I64	I		64					M	1	0	1, 0, 4		0	1
66	65	387/2	387/2	0.5	1/4	1/4	6/8	2	1	V		a	I	V	V	V							M	1	0	1, 5, 2		1	1
66	65	194	194	1.25	3/8	3/8	6/8	2	1	vi		a	I	V	vi	vi							m	1	0	3, 0, 4		3	3
66	65	781/4	781/4	0.25	11/16	11/16	6/8	2	1	IV64		a	I	V	IV64	IV		64					M	1	0	0, -1, 3		-1	0
67	66	391/2	391/2	0.5	0	0	6/8	2	1	V(6)		a	I	V	V(6)	V			6				M	1	0	1, 5, 4		1	1
67	66	196	196	1.0	1/8	1/8	6/8	2	1	V7]		a	I	V	V7	V		7					Mm7	1	0	1, 5, 2, -1		1	1
67	66	197	197	1.0	3/8	3/8	6/8	2	1	viio2		a	I		viio2	vii	o	2					o7	1	0	-4, 5, 2, -1		5	-4
67	66	198	198	0.5	5/8	5/8	6/8	2	1	ii43		a	I		ii43	ii		43					mm7	1	0	3, 0, 2, -1		2	3
68	67	397/2	397/2	0.5	0	0	6/8	2	1	V7(#4)		a	I		V7(#4)	V		7	#4				Mm7	1	0	1, 5, 7, -1		1	1
68	67	199	199	1.5	1/8	1/8	6/8	2	1	V7		a	I		V7	V		7					Mm7	1	0	1, 5, 2, -1		1	1
68	67	401/2	401/2	0.75	1/2	1/2	6/8	2	1	V		a	I		V	V							M	1	0	1, 5, 2		1	1
68	67	805/4	805/4	0.25	11/16	11/16	6/8	2	1	IV6		a	I		IV6	IV		6					M	1	0	3, 0, -1		-1	3
69	68	403/2	403/2	0.5	0	0	6/8	2	1	V(6)		a	I		V(6)	V			6				M	1	0	1, 5, 4		1	1
69	68	202	202	1.0	1/8	1/8	6/8	2	1	V7		a	I		V7	V		7					Mm7	1	0	1, 5, 2, -1		1	1
69	68	203	203	1.0	3/8	3/8	6/8	2	1	viio2		a	I		viio2	vii	o	2					o7	1	0	-4, 5, 2, -1		5	-4
69	68	204	204	0.5	5/8	5/8	6/8	2	1	ii43		a	I		ii43	ii		43					mm7	1	0	3, 0, 2, -1		2	3
70	69	409/2	409/2	0.5	0	0	6/8	2	1	V7(#4)		a	I		V7(#4)	V		7	#4				Mm7	1	0	1, 5, 7, -1		1	1
70	69	205	205	1.0	1/8	1/8	6/8	2	1	V7		a	I		V7	V		7					Mm7	1	0	1, 5, 2, -1		1	1
70	69	206	206	0.5	3/8	3/8	6/8	2	1	V7(9)		a	I		V7(9)	V		7	9				Mm7	1	0	1, 5, 2, -1	3	1	1
70	69	413/2	413/2	1.0	1/2	1/2	6/8	2	1	V7		a	I		V7	V		7					Mm7	1	0	1, 5, 2, -1		1	1
71	70	415/2	415/2	0.5	0	0	6/8	2	1	V7(b94)		a	I		V7(b94)	V		7	b94				Mm7	1	0	1, 0, 2, -1	-4	1	1
71	70	208	208	1.0	1/8	1/8	6/8	2	1	V		a	I		V	V							M	1	0	1, 5, 2		1	1
71	70	209	209	1.0	3/8	3/8	6/8	2	1	i.V64(6b5)/VII		a	i		V64(6b5)/VII	V		64	6b5	VII			M	1	1	-7, 2, -1, 3		-1	-7
71	70	210	210	0.5	5/8	5/8	6/8	2	1	V43(b5)/VII		a	i		V43(b5)/VII	V		43	b5	VII			Mm7	1	1	-7, -3, -1, 3		-1	-7
72	71	421/2	421/2	0.5	0	0	6/8	2	1	V7(#11)/III		a	i		V7(#11)/III	V		7	#11	III			Mm7	1	1	-2, 2, -1, -4	4	-2	-2
72	71	211	211	1.0	1/8	1/8	6/8	2	1	V7/III		a	i		V7/III	V		7		III			Mm7	1	1	-2, 2, -1, -4		-2	-2
72	71	212	212	0.5	3/8	3/8	6/8	2	1	V7(9)/III		a	i		V7(9)/III	V		7	9	III			Mm7	1	1	-2, 2, -1, -4	0	-2	-2
72	71	425/2	425/2	0.5	1/2	1/2	6/8	2	1	V7/III		a	i		V7/III	V		7		III			Mm7	1	1	-2, 2, -1, -4		-2	-2
72	71	213	213	0.5	5/8	5/8	6/8	2	1	V7(9)/III		a	i		V7(9)/III	V		7	9	III			Mm7	1	1	-2, 2, -1, -4	0	-2	-2
73	72	427/2	427/2	0.5	0	0	6/8	2	1	V7(b94)/III		a	i		V7(b94)/III	V		7	b94	III			Mm7	1	1	-2, -3, -1, -4	-7	-2	-2
73	72	214	214	1.0	1/8	1/8	6/8	2	1	V/III		a	i		V/III	V				III			M	1	1	-2, 2, -1		-2	-2
73	72	215	215	0.5	3/8	3/8	6/8	2	1	III(964)		a	i		III(964)	III			964				M	1	1	-3, -4, 0	-1	-3	-3
73	72	431/2	431/2	0.5	1/2	1/2	6/8	2	1	III(4#2)		a	i		III(4#2)	III			4#2				M	1	1	-3, 6, -4, -2		-3	-3
73	72	216	216	0.5	5/8	5/8	6/8	2	1	III		a	i		III	III							M	1	1	-3, 1, -2		-3	-3
74	73	433/2	433/2	0.5	0	0	6/8	2	1	V7(#11)/V		a	i		V7(#11)/V	V		7	#11	V			Mm7	1	1	2, 6, 3, 0	8	2	2
74	73	217	217	1.0	1/8	1/8	6/8	2	1	V7/V		a	i		V7/V	V		7		V			Mm7	1	1	2, 6, 3, 0		2	2
74	73	218	218	1.0	3/8	3/8	6/8	2	1	V7(#9)		a	i		V7(#9)	V		7	#9				Mm7	1	1	1, 5, 2, -1	3	1	1
74	73	219	219	0.5	5/8	5/8	6/8	2	1	V7		a	i		V7	V		7					Mm7	1	1	1, 5, 2, -1		1	1
75	74	439/2	439/2	0.5	0	0	6/8	2	1	VI		a	i		VI	VI							M	1	1	-4, 0, -3		-4	-4
75	74	220	220	0.75	1/8	1/8	6/8	2	1	VI(4)		a	i		VI(4)	VI			4				M	1	1	-4, 2, -3		-4	-4
75	74	883/4	883/4	0.25	5/16	5/16	6/8	2	1	VI		a	i		VI	VI							M	1	1	-4, 0, -3		-4	-4
75	74	221	221	1.5	3/8	3/8	6/8	2	1	viio65/V		a	i		viio65/V	vii	o	65		V			o7	1	1	3, 0, -3, 6		6	3
76	75	445/2	445/2	1.5	0	0	6/8	2	1	III64		a	i		III64	III		64					M	1	1	-2, -3, 1		-3	-2
76	75	224	224	0.5	3/8	3/8	6/8	2	1	V43(42)/VII		a	i		V43(42)/VII	V		43	42	VII			Mm7	1	1	0, -3, 1, -2		-1	0
76	75	449/2	449/2	0.5	1/2	1/2	6/8	2	1	V43(4)/VII		a	i		V43(4)/VII	V		43	4	VII			Mm7	1	1	0, -3, -1, -2		-1	0
76	75	225	225	0.5	5/8	5/8	6/8	2	1	V43/VII		a	i		V43/VII	V		43		VII			Mm7	1	1	0, -3, -1, 3		-1	0
77	76	451/2	451/2	1.0	0	0	6/8	2	1	V7(9)/III		a	i		V7(9)/III	V		7	9	III			Mm7	1	1	-2, 2, -1, -4	0	-2	-2
77	76	453/2	453/2	0.5	1/4	1/4	6/8	2	1	iio6/III		a	i		iio6/III	ii	o	6		III			o	1	1	-4, -7, -1		-1	-4
77	76	227	227	1.0	3/8	3/8	6/8	2	1	#viio65/iv		a	i		#viio65/iv	#vii	o	65		iv			o7	1	1	1, -2, -5, 4		4	1
77	76	228	228	0.5	5/8	5/8	6/8	2	1	iv64/iv		a	i		iv64/iv	iv		64		iv			m	1	1	-1, -2, -5		-2	-1
78	77	457/2	457/2	1.0	0	0	6/8	2	1	iii7		a	i		iii7	iii		7					mm7	1	1	-3, -6, -2, -5		-3	-3
78	77	459/2	459/2	0.5	1/4	1/4	6/8	2	1	iii2		a	i		iii2	iii		2					mm7	1	1	-5, -3, -6, -2		-3	-5
78	77	230	230	1.5	3/8	3/8	6/8	2	1	viio7/bII		a	i		viio7/bII	vii	o	7		bII			o7	1	1	0, -3, -6, -9		0	0
79	78	463/2	463/2	1.0	0	0	6/8	2	1	ii%7/bII		a	i		ii%7/bII	ii	%	7		bII			%7	1	1	-3, -6, -9, -5		-3	-3
79	78	465/2	465/2	0.5	1/4	1/4	6/8	2	1	iio64/bII		a	i		iio64/bII	ii	o	64		bII			o	1	1	-9, -3, -6		-3	-9
79	78	233	233	1.0	3/8	3/8	6/8	2	1	V7/bII		a	i		V7/bII	V		7		bII			Mm7	1	1	-4, 0, -3, -6		-4	-4
79	78	234	234	0.5	5/8	5/8	6/8	2	1	V7(b5)/bII		a	i		V7(b5)/bII	V		7	b5	bII			Mm7	1	1	-4, 0, -10, -6		-4	-4
80	79	469/2	469/2	1.0	0	0	6/8	2	1	viio6(2)/bII		a	i		viio6(2)/bII	vii	o	6	2	bII			o	1	1	-3, -6, -5		0	-3
80	79	471/2	471/2	0.375	1/4	1/4	6/8	2	1	V43(#7b52)/bII		a	i		V43(#7b52)/bII	V		43	#7b52	bII			Mm7	1	1	-10, -6, -2, 1, 0		-4	-10
80	79	1887/8	1887/8	0.125	11/32	11/32	6/8	2	1	V43(b5)/bII		a	i		V43(b5)/bII	V		43	b5	bII			Mm7	1	1	-10, -6, -4, 0		-4	-10
80	79	236	236	1.5	3/8	3/8	6/8	2	1	V7/bV		a	i		V7/bV	V		7		bV			Mm7	1	1	-5, -1, -4, -7		-5	-5
81	80	475/2	475/2	1.0	0	0	6/8	2	1	ii%7/bV		a	i		ii%7/bV	ii	%	7		bV			%7	1	1	-4, -7, -10, -6		-4	-4
81	80	477/2	477/2	0.375	1/4	1/4	6/8	2	1	iio6(#7)/bV		a	i		iio6(#7)/bV	ii	o	6	#7	bV			o	1	1	-7, -10, 1		-4	-7
81	80	1911/8	1911/8	0.125	11/32	11/32	6/8	2	1	iio6/bV		a	i		iio6/bV	ii	o	6		bV			o	1	1	-7, -10, -4		-4	-7
81	80	239	239	1.0	3/8	3/8	6/8	2	1	viio/bV		a	i		viio/bV	vii	o			bV			o	1	1	-1, -4, -7		-1	-1
81	80	240	240	0.375	5/8	5/8	6/8	2	1	V64(#9)		a	i		V64(#9)	V		64	#9				M	1	1	2, 1, 5	3	1	2
81	80	1923/8	1923/8	0.125	23/32	23/32	6/8	2	1	V64		a	i		V64	V		64					M	1	1	2, 1, 5		1	2
82	81	481/2	481/2	1.0	0	0	6/8	2	1	ii%7/bV		a	i		ii%7/bV	ii	%	7		bV			%7	1	1	-4, -7, -10, -6		-4	-4
82	81	483/2	483/2	1.5	1/4	1/4	6/8	2	1	iio6/bV		a	i		iio6/bV	ii	o	6		bV			o	1	1	-7, -10, -4		-4	-7
82	81	243	243	0.5	5/8	5/8	6/8	2	1	V6		a	i		V6	V		6					M	1	1	5, 2, 1		1	5
83	82	487/2	487/2	1.0	0	0	6/8	2	1	ii%7/bV		a	i		ii%7/bV	ii	%	7		bV			%7	1	1	-4, -7, -10, -6		-4	-4
83	82	489/2	489/2	0.5	1/4	1/4	6/8	2	1	iio6/bV		a	i		iio6/bV	ii	o	6		bV			o	1	1	-7, -10, -4		-4	-7
83	82	245	245	1.0	3/8	3/8	6/8	2	1	V7(b9)/bV		a	i		V7(b9)/bV	V		7	b9	bV			Mm7	1	1	-5, -1, -4, -7	-10	-5	-5
83	82	246	246	0.5	5/8	5/8	6/8	2	1	V6		a	i		V6	V		6					M	1	1	5, 2, 1		1	5
84	83	493/2	493/2	1.5	0	0	6/8	2	1	ii%7/bV		a	i		ii%7/bV	ii	%	7		bV			%7	1	1	-4, -7, -10, -6		-4	-4
84	83	248	248	1.0	3/8	3/8	6/8	2	1	V64(#6b5)/V		a	i		V64(#6b5)/V	V		64	#6b5	V			M	1	1	-4, 2, 6	12	2	-4
84	83	249	249	0.5	5/8	5/8	6/8	2	1	V43(b5)/V		a	i		V43(b5)/V	V		43	b5	V			Mm7	1	1	-4, 0, 2, 6		2	-4
85	84	499/2	499/2	0.5	0	0	6/8	2	1	V7(#4)		a	i		V7(#4)	V		7	#4				Mm7	1	1	1, 5, 7, -1		1	1
85	84	250	250	1.5	1/8	1/8	6/8	2	1	V7		a	i		V7	V		7					Mm7	1	1	1, 5, 2, -1		1	1
85	84	503/2	503/2	0.75	1/2	1/2	6/8	2	1	V		a	i		V	V							M	1	1	1, 5, 2		1	1
85	84	1009/4	1009/4	0.75	11/16	11/16	6/8	2	1	V(b9)		a	i		V(b9)	V			b9				M	1	1	1, 5, 2	-11	1	1
86	85	253	253	2.0	1/8	1/8	6/8	2	1	V6		a	i		V6	V		6					M	1	1	5, 2, 1		1	5
86	85	255	255	0.5	5/8	5/8	6/8	2	1	v6		a	i		v6	v		6					m	1	1	-2, 2, 1		1	-2
87	86	511/2	511/2	2.5	0	0	6/8	2	1	V64(6b5)/VII		a	i		V64(6b5)/VII	V		64	6b5	VII			M	1	1	-7, 2, -1, 3		-1	-7
87	86	258	258	0.5	5/8	5/8	6/8	2	1	V43(b5)/VII		a	i		V43(b5)/VII	V		43	b5	VII			Mm7	1	1	-7, -3, -1, 3		-1	-7
88	87	517/2	517/2	0.5	0	0	6/8	2	1	V7(#4)/III		a	i		V7(#4)/III	V		7	#4	III			Mm7	1	1	-2, 2, 4, -4		-2	-2
88	87	259	259	1.5	1/8	1/8	6/8	2	1	V7/III		a	i		V7/III	V		7		III			Mm7	1	1	-2, 2, -1, -4		-2	-2
88	87	521/2	521/2	0.75	1/2	1/2	6/8	2	1	VII		a	i		VII	VII							M	1	1	-2, 2, -1		-2	-2
88	87	1045/4	1045/4	0.75	11/16	11/16	6/8	2	1	VII(b2)		a	i		VII(b2)	VII			b2				M	1	1	-7, 2, -1		-2	-7
89	88	262	262	2.0	1/8	1/8	6/8	2	1	VII6		a	i		VII6	VII		6					M	1	1	2, -1, -2		-2	2
89	88	264	264	0.5	5/8	5/8	6/8	2	1	vii6		a	i		vii6	vii		6					m	1	1	-5, -1, -2		-2	-5
90	89	529/2	529/2	1.5	0	0	6/8	2	1	ii%7		a	i		ii%7	ii	%	7					%7	1	1	2, -1, -4, 0		2	2
90	89	266	266	1.5	3/8	3/8	6/8	2	1	V43(b5)		a	i		V43(b5)	V		43	b5				Mm7	1	1	-5, -1, 1, 5		1	-5
91	90	535/2	535/2	0.5	0	0	6/8	2	1	V7(#4)/iv		a	i		V7(#4)/iv	V		7	#4	iv			Mm7	1	1	0, 4, 6, -2		0	0
91	90	268	268	1.0	1/8	1/8	6/8	2	1	V7/iv		a	i		V7/iv	V		7		iv			Mm7	1	1	0, 4, 1, -2		0	0
91	90	269	269	0.5	3/8	3/8	6/8	2	1	viio6(b3)/III		a	i		viio6(b3)/III	vii	o	6	b3	III			o	1	1	-8, -4, 2		2	-8
91	90	539/2	539/2	0.75	1/2	1/2	6/8	2	1	V43(b5)/III		a	i		V43(b5)/III	V		43	b5	III			Mm7	1	1	-8, -4, -2, 2		-2	-8
91	90	1081/4	1081/4	0.25	11/16	11/16	6/8	2	1	vii%65(b3)/III		a	i		vii%65(b3)/III	vii	%	65	b3	III			%7	1	1	-8, -4, 0, 2		2	-8
92	91	541/2	541/2	0.5	0	0	6/8	2	1	V7(#4)/VI		a	i		V7(#4)/VI	V		7	#4	VI			Mm7	1	1	-3, 1, 3, -5		-3	-3
92	91	271	271	1.0	1/8	1/8	6/8	2	1	V7/VI		a	i		V7/VI	V		7		VI			Mm7	1	1	-3, 1, -2, -5		-3	-3
92	91	272	272	0.5	3/8	3/8	6/8	2	1	#viio6(b3)/iv		a	i		#viio6(b3)/iv	#vii	o	6	b3	iv			o	1	1	-6, -2, 4		4	-6
92	91	545/2	545/2	0.75	1/2	1/2	6/8	2	1	V43(b5)/iv		a	i		V43(b5)/iv	V		43	b5	iv			Mm7	1	1	-6, -2, 0, 4		0	-6
92	91	1093/4	1093/4	0.25	11/16	11/16	6/8	2	1	#viio65(b3)/iv		a	i		#viio65(b3)/iv	#vii	o	65	b3	iv			o7	1	1	-6, -2, -5, 4		4	-6
93	92	547/2	547/2	0.5	0	0	6/8	2	1	V7(#4)/VII		a	i		V7(#4)/VII	V		7	#4	VII			Mm7	1	1	-1, 3, 5, -3		-1	-1
93	92	274	274	1.0	1/8	1/8	6/8	2	1	V7/VII		a	i		V7/VII	V		7		VII			Mm7	1	1	-1, 3, 0, -3		-1	-1
93	92	275	275	0.5	3/8	3/8	6/8	2	1	iv6		a	i		iv6	iv		6					m	1	1	-4, 0, -1		-1	-4
93	92	551/2	551/2	0.75	1/2	1/2	6/8	2	1	ii%43		a	i		ii%43	ii	%	43					%7	1	1	-4, 0, 2, -1		2	-4
93	92	1105/4	1105/4	0.25	11/16	11/16	6/8	2	1	iv65		a	i		iv65	iv		65					mm7	1	1	-4, 0, -3, -1		-1	-4
94	93	553/2	553/2	1.5	0	0	6/8	2	1	V7(9)/V		a	i		V7(9)/V	V		7	9	V			Mm7	1	1	2, 6, 3, 0	4	2	2
94	93	278	278	1.5	3/8	3/8	6/8	2	1	V7		a	i		V7	V		7					Mm7	1	1	1, 5, 2, -1		1	1
95	94	559/2	559/2	1.5	0	0	6/8	2	1	VI(11)		a	i		VI(11)	VI			11				M	1	1	-4, 0, -3	2	-4	-4
95	94	281	281	1.5	3/8	3/8	6/8	2	1	VI		a	i		VI	VI							M	1	1	-4, 0, -3		-4	-4
96	95	565/2	565/2	1.0	0	0	6/8	2	1	iii.iv		a	iii		iv	iv							m	1	1	-1, -4, 0		-1	-1
96	95	567/2	567/2	0.5	1/4	1/4	6/8	2	1	iio6		a	iii		iio6	ii	o	6					o	1	1	-1, -4, 2		2	-1
96	95	284	284	0.5	3/8	3/8	6/8	2	1	ii%65		a	iii		ii%65	ii	%	65					%7	1	1	-1, -4, 0, 2		2	-1
96	95	569/2	569/2	1.0	1/2	1/2	6/8	2	1	iio6		a	iii		iio6	ii	o	6					o	1	1	-1, -4, 2		2	-1
97	96	571/2	571/2	0.5	0	0	6/8	2	1	#viio43(#4)		a	iii		#viio43(#4)	#vii	o	43	#4				o7	1	1	4, -4, 5, 2		5	4
97	96	286	286	2.5	1/8	1/8	6/8	2	1	#viio43		a	iii		#viio43	#vii	o	43					o7	1	1	-1, -4, 5, 2		5	-1
98	97	577/2	577/2	1.5	0	0	6/8	2	1	v%43		a	iii		v%43	v	%	43					%7	1	1	-5, -1, 1, -2		1	-5
98	97	290	290	0.5	3/8	3/8	6/8	2	1	vii6		a	iii		vii6	vii		6					m	1	1	-5, -1, -2		-2	-5
98	97	581/2	581/2	1.0	1/2	1/2	6/8	2	1	v%43		a	iii		v%43	v	%	43					%7	1	1	-5, -1, 1, -2		1	-5
99	98	583/2	583/2	0.5	0	0	6/8	2	1	#vii%65		a	iii		#vii%65	#vii	%	65					%7	1	1	2, -1, 3, 5		5	2
99	98	292	292	1.0	1/8	1/8	6/8	2	1	V43		a	iii		V43	V		43					Mm7	1	1	2, -1, 1, 5		1	2
99	98	293	293	0.5	3/8	3/8	6/8	2	1	V43(b5)		a	iii		V43(b5)	V		43	b5				Mm7	1	1	-5, -1, 1, 5		1	-5
99	98	587/2	587/2	0.5	1/2	1/2	6/8	2	1	#vii%65(b3)		a	iii		#vii%65(b3)	#vii	%	65	b3				%7	1	1	-5, -1, 3, 5		5	-5
99	98	294	294	0.5	5/8	5/8	6/8	2	1	#viio2/iv		a	iii		#viio2/iv	#vii	o	2		iv			o7	1	1	-5, 4, 1, -2		4	-5
100	99	589/2	589/2	0.5	0	0	6/8	2	1	#vi%7		a	iii		#vi%7	#vi	%	7					%7	1	1	3, 0, -3, 1		3	3
100	99	295	295	1.0	1/8	1/8	6/8	2	1	#vio		a	iii		#vio	#vi	o						o	1	1	3, 0, -3		3	3
100	99	296	296	1.5	3/8	3/8	6/8	2	1	viio65(b3)/V		a	iii		viio65(b3)/V	vii	o	65	b3	V			o7	1	1	-4, 0, -3, 6		6	-4
101	100	595/2	595/2	1.0	0	0	6/8	2	1	V7(94)		a	iii		V7(94)	V		7	94				Mm7	1	1	1, 0, 2, -1	-4	1	1
101	100	597/2	597/2	0.5	1/4	1/4	6/8	2	1	V7(9)		a	iii		V7(9)	V		7	9				Mm7	1	1	1, 5, 2, -1	-4	1	1
101	100	299	299	0.25	3/8	3/8	6/8	2	1	V		a	iii		V	V							M	1	1	1, 5, 2		1	1
101	100	1197/4	1197/4	1.25	7/16	7/16	6/8	2	1	V(9)		a	iii		V(9)	V			9				M	1	1	1, 5, 2	-4	1	1
102	101	601/2	601/2	3.0	0	0	6/8	2	1	V7		a	iii		V7	V		7					Mm7	1	1	1, 5, 2, -1		1	1
103	102	607/2	607/2	2.5	0	0	6/8	2	1	#viio43(4)		a	iii		#viio43(4)	#vii	o	43	4				o7	1	1	-1, -4, 5, -3		5	-1
103	102	306	306	0.5	5/8	5/8	6/8	2	1	#vii%43(4)		a	iii		#vii%43(4)	#vii	%	43	4				%7	1	1	-1, 3, 5, -3		5	-1
104	103	613/2	613/2	0.5	0	0	6/8	2	1	#viio43(#7)		a	iii		#viio43(#7)	#vii	o	43	#7				o7	1	1	-1, -4, 3, 2		5	-1
104	103	307	307	1.0	1/8	1/8	6/8	2	1	#viio43		a	iii		#viio43	#vii	o	43					o7	1	1	-1, -4, 5, 2		5	-1
104	103	308	308	1.5	3/8	3/8	6/8	2	1	V		a	iii		V	V							M	1	1	1, 5, 2		1	1
105	104	619/2	619/2	1.0	0	0	6/8	2	1	V(9)		a	iii		V(9)	V			9				M	1	1	1, 5, 2	-4	1	1
105	104	621/2	621/2	2.0	1/4	1/4	6/8	2	1	V		a	iii		V	V							M	1	1	1, 5, 2		1	1
106	105	625/2	625/2	2.5	0	0	6/8	2	1	V64(6b5)/V		a	iii		V64(6b5)/V	V		64	6b5	V			M	1	1	-4, 5, 2, 6		2	-4
106	105	315	315	0.5	5/8	5/8	6/8	2	1	V43(b5)/V		a	iii		V43(b5)/V	V		43	b5	V			Mm7	1	1	-4, 0, 2, 6		2	-4
107	106	631/2	631/2	0.5	0	0	6/8	2	1	V7(#4)		a	iii		V7(#4)	V		7	#4				Mm7	1	1	1, 5, 7, -1		1	1
107	106	316	316	1.0	1/8	1/8	6/8	2	1	V7		a	iii		V7	V		7					Mm7	1	1	1, 5, 2, -1		1	1
107	106	317	317	1.5	3/8	3/8	6/8	2	1	iv6		a	iii		iv6	iv		6					m	1	1	-4, 0, -1		-1	-4
108	107	637/2	637/2	1.5	0	0	6/8	2	1	V		a	iii		V	V							M	1	1	1, 5, 2		1	1
108	107	320	320	1.5	3/8	3/8	6/8	2	1	i6		a	iii		i6	i		6					m	1	1	-3, 1, 0		0	-3
109	108	643/2	643/2	2.5	0	0	6/8	2	1	#viio		a	iii		#viio	#vii	o						o	1	1	5, 2, -1		5	5
109	108	324	324	0.5	5/8	5/8	6/8	2	1	iv		a	iii		iv	iv							m	1	1	-1, -4, 0		-1	-1
110	109	649/2	649/2	3.0	0	0	6/8	2	1	iv6		a	iii		iv6	iv		6					m	1	1	-4, 0, -1		-1	-4
111	110	655/2	655/2	6.0	0	0	6/8	2	1	V\\		a	iii		V	V						\\	M	1	1	1, 5, 2		1	1
