piece	TimeSig	KeySig	last_mc	last_mn	length_qb	last_mc_unfolded	last_mn_unfolded	length_qb_unfolded	volta_mcs	all_notes_qb	n_onsets	n_onset_positions	guitar_chord_count	form_label_count	label_count	annotated_key	harmony_version	annotators	reviewers	composed_start	composed_end	composer	workTitle	movementNumber	movementTitle	workNumber	poet	lyricist	arranger	copyright	creationDate	mscVersion	platform	source	translator	title_text	subtitle_text	lyricist_text	composer_text	musescore	ms3_version	subdirectory	rel_path	has_drumset	ambitus	path	extension	annotator	reviewer	originalFormat	staff_1_instrument	staff_1_ambitus	staff_2_instrument	staff_2_ambitus	staff_3_instrument	staff_3_ambitus
c01n01_prelude	1: 4/4	1: 1	25	23	98	25	23	98		219	386	251	0	0	93	G	2.1.0	Eva-Maria Hamberger	Johannes Menke	1722	1722	François Couperin	Concert no. 1		Concert Royal no 1: Prélude					© Les Éditions Outremontaises, 2006	2019-10-09	3.02	Linux			"<font size=""13.5""/><font face=""SnellRoundhand BlackScript""/>Concerts Royaux (1722)"	"<font size=""18""/><font face=""SnellRoundhand BoldScript""/>~ Premier Concert ~; <font size=""27""/><font face=""SnellRoundhand BoldScript""/>Prélude"		"<font size=""18""/><font face=""SnellRoundhand BoldScript""/>François Couperin<font size=""13.5""/><font face=""SnellRoundhand BoldScript""/> 
<font size=""10.5""/><font face=""SnellRoundhand BoldScript""/>(1668-1733)"	3.6.2	1.2.7	MS3	MS3/c01n01_prelude.mscx	False	36-84 (C2-C6)	MS3/c01n01_prelude.mscx	.mscx	Eva-Maria Hamberger	Johannes Menke	xml	Instrument 1	59-84 (B3-C6)	Instrument 1	36-57 (C2-A3)		
c01n02_allemande	1: 4/4	1: 1	20	18	72	40	36	144		168.5	346	207	0	0	76	G	2.1.0	Eva-Maria Hamberger	Johannes Menke	1722	1722	François Couperin	Concert no. 1		Concert Royal no 1: Allemande					© Les Éditions Outremontaises, 2006	2019-10-09	3.02	Linux			"<font size=""13.5""/><font face=""SnellRoundhand BlackScript""/>Concerts Royaux (1722)"	"<font size=""27""/><font face=""SnellRoundhand BoldScript""/>Allemande; <font size=""18""/><font face=""SnellRoundhand BoldScript""/>~ Premier Concert ~"	"<font size=""12""/>2"	"<font size=""18""/><font face=""SnellRoundhand BoldScript""/>François Couperin<font size=""13.5""/><font face=""SnellRoundhand BoldScript""/> 
<font size=""10.5""/><font face=""SnellRoundhand BoldScript""/>(1668-1733)"	3.6.2	1.2.7	MS3	MS3/c01n02_allemande.mscx	False	31-83 (G1-B5)	MS3/c01n02_allemande.mscx	.mscx	Eva-Maria Hamberger	Johannes Menke	xml	Instrument 1	59-83 (B3-B5)	Instrument 1	31-66 (G1-F#4)		
c01n03_sarabande	1: 3/4	1: -2	30	28	90	56	56	168	(((8,), (9,)), ((29,), (30,)))	237.75	291	159	0	0	67	g	2.1.0	Eva-Maria Hamberger	Johannes Menke	1722	1722	François Couperin	Concert no. 1		Concert Royal no 1: Sarabande					© Les Éditions Outremontaises, 2006	2019-10-09	3.02	Linux			"<font size=""13.5""/><font face=""SnellRoundhand BlackScript""/>Concerts Royaux (1722)"	"<font size=""27""/><font face=""SnellRoundhand BoldScript""/>Sarabande; <font size=""18""/><font face=""SnellRoundhand BoldScript""/>~ Premier Concert ~"		"<font size=""12""/>3; <font size=""18""/><font face=""SnellRoundhand BoldScript""/>François Couperin<font size=""13.5""/><font face=""SnellRoundhand BoldScript""/> 
<font size=""10.5""/><font face=""SnellRoundhand BoldScript""/>(1668-1733)"	3.6.2	1.2.7	MS3	MS3/c01n03_sarabande.mscx	False	31-81 (G1-A5)	MS3/c01n03_sarabande.mscx	.mscx	Eva-Maria Hamberger	Johannes Menke	xml	Instrument 1	58-81 (Bb3-A5)	Instrument 1	31-67 (G1-G4)		
c01n04_gavotte	1: 2/2	1: -2	18	14	60	32	28	112	(((5,), (6,)), ((17,), (18,)))	135	195	113	0	0	52	g	2.1.0	Eva-Maria Hamberger	Johannes Menke	1722	1722	François Couperin	Concert no. 1		Concert Royal no 1: Gavotte					© Les Éditions Outremontaises, 2006	2019-10-09	3.02	Linux			"<font size=""13.5""/><font face=""SnellRoundhand BlackScript""/>Concerts Royaux (1722)"	"<font size=""27""/><font face=""SnellRoundhand BoldScript""/>Gavotte; <font size=""18""/><font face=""SnellRoundhand BoldScript""/>~ Premier Concert ~"	"<font size=""12""/>4"	"<font size=""18""/><font face=""SnellRoundhand BoldScript""/>François Couperin<font size=""13.5""/><font face=""SnellRoundhand BoldScript""/> 
<font size=""10.5""/><font face=""SnellRoundhand BoldScript""/>(1668-1733)"	3.6.2	1.2.7	MS3	MS3/c01n04_gavotte.mscx	False	38-79 (D2-G5)	MS3/c01n04_gavotte.mscx	.mscx	Eva-Maria Hamberger	Johannes Menke	xml	Instrument 1	58-79 (Bb3-G5)	Instrument 1	38-57 (D2-A3)		
c01n05_gigue	1: 6/8	1: 1	33	30	93.5	62	60	180	(((11,), (12,)), ((32,), (33,)))	194	389	215	0	0	134	G	2.1.0	Eva-Maria Hamberger	Johannes Menke	1722	1722	François Couperin	Concert no. 1		Concert Royal no 1: Gigue					© Les Éditions Outremontaises, 2006	2019-10-09	3.02	Linux			"<font size=""13.5""/><font face=""SnellRoundhand BlackScript""/>Concerts Royaux (1722)"	"<font size=""18""/><font face=""SnellRoundhand BoldScript""/>~ Premier Concert ~; <font size=""27""/><font face=""SnellRoundhand BoldScript""/>Gigue"	"<font size=""12""/>6"	"<font size=""18""/><font face=""SnellRoundhand BoldScript""/>François Couperin<font size=""13.5""/><font face=""SnellRoundhand BoldScript""/> 
<font size=""10.5""/><font face=""SnellRoundhand BoldScript""/>(1668-1733)"	3.6.2	1.2.7	MS3	MS3/c01n05_gigue.mscx	False	38-83 (D2-B5)	MS3/c01n05_gigue.mscx	.mscx	Eva-Maria Hamberger	Johannes Menke	xml	Instrument 1	59-83 (B3-B5)	Instrument 1	38-64 (D2-E4)		
c01n06_menuet_en_trio	1: 3/4	1: -2	26	24	78	56	56	168	(((8,), (9,)), ((25,), (26,)))	211	252	132	0	0	46	g	2.1.0	Eva-Maria Hamberger	Johannes Menke	1722	1722	François Couperin	Concert no. 1		Concert Royal no 1: Menuet					© Les Éditions Outremontaises, 2006	2019-10-09	3.02	Linux			"<font size=""13.5""/><font face=""SnellRoundhand BlackScript""/>Concerts Royaux (1722)"	"<font size=""18""/><font face=""SnellRoundhand BoldScript""/>~ Premier Concert ~; <font size=""27""/><font face=""SnellRoundhand BoldScript""/>Menuet en Trio"		"<font size=""18""/><font face=""SnellRoundhand BoldScript""/>François Couperin<font size=""13.5""/><font face=""SnellRoundhand BoldScript""/> 
<font size=""10.5""/><font face=""SnellRoundhand BoldScript""/>(1668-1733); <font size=""12""/>5"	3.6.2	1.2.7	MS3	MS3/c01n06_menuet_en_trio.mscx	False	38-82 (D2-Bb5)	MS3/c01n06_menuet_en_trio.mscx	.mscx	Eva-Maria Hamberger	Johannes Menke	xml	Instrument 1	65-82 (F4-Bb5)	Instrument 1	38-67 (D2-G4)		
c02n01_prelude	1: 3/4	1: 2	39	37	114	39	37	114		245.5	296	174	0	0	88	D	2.1.0	Eva-Maria Hamberger	Johannes Menke	1722	1722	François Couperin	Concert no. 2		Concert Royal no 2: Prélude					© Les Éditions Outremontaises, 2006	2019-10-09	3.02	Linux			"<font size=""13.5""/><font face=""SnellRoundhand BlackScript""/>Concerts Royaux (1722)"	"<font size=""18""/><font face=""SnellRoundhand BoldScript""/>~ Second Concert ~; <font size=""27""/><font face=""SnellRoundhand BoldScript""/>Prélude"		"<font size=""18""/><font face=""SnellRoundhand BoldScript""/>François Couperin<font size=""13.5""/><font face=""SnellRoundhand BoldScript""/> 
<font size=""10.5""/><font face=""SnellRoundhand BoldScript""/>(1668-1733)"	3.6.2	1.2.7	MS3	MS3/c02n01_prelude.mscx	False	33-83 (A1-B5)	MS3/c02n01_prelude.mscx	.mscx	Eva-Maria Hamberger	Johannes Menke	xml	Instrument 1	61-83 (C#4-B5)	Instrument 1	33-67 (A1-G4)		
c02n02_allemande_fuguee	1: 4/4	1: 2	26	24	96	52	48	192		189.75	441	285	0	0	131	D	2.1.0	Eva-Maria Hamberger	Johannes Menke	1722	1722	François Couperin	Concert no. 2		Concert Royal no 2: Allemande					© Les Éditions Outremontaises, 2006	2019-10-09	3.02	Linux			"<font size=""13.5""/><font face=""SnellRoundhand BlackScript""/>Concerts Royaux (1722)"	"<font size=""27""/><font face=""SnellRoundhand BoldScript""/>Allemande Fuguée; <font size=""18""/><font face=""SnellRoundhand BoldScript""/>~ Second Concert ~"	"<font size=""12""/>2"	"<font size=""18""/><font face=""SnellRoundhand BoldScript""/>François Couperin<font size=""13.5""/><font face=""SnellRoundhand BoldScript""/> 
<font size=""10.5""/><font face=""SnellRoundhand BoldScript""/>(1668-1733)"	3.6.2	1.2.7	MS3	MS3/c02n02_allemande_fuguee.mscx	False	38-84 (D2-C6)	MS3/c02n02_allemande_fuguee.mscx	.mscx	Eva-Maria Hamberger	Johannes Menke	xml	Instrument 1	59-84 (B3-C6)	Instrument 1	38-64 (D2-E4)		
c02n03_air_tendre	1: 3/4	1: -1	40	40	120	80	80	240		227.25	267	161	0	0	82	d	2.1.0	Eva-Maria Hamberger	Johannes Menke	1722	1722	François Couperin	Concert no. 2		Concert Royal no 2: Air tendre					© Les Éditions Outremontaises, 2006	2019-10-09	3.02	Linux			"<font size=""13.5""/><font face=""SnellRoundhand BlackScript""/>Concerts Royaux (1722)"	"<font size=""27""/><font face=""SnellRoundhand BoldScript""/>Air Tendre; <font size=""18""/><font face=""SnellRoundhand BoldScript""/>~ Second Concert ~"	"<font size=""12""/>4"	"<font size=""18""/><font face=""SnellRoundhand BoldScript""/>François Couperin<font size=""13.5""/><font face=""SnellRoundhand BoldScript""/> 
<font size=""10.5""/><font face=""SnellRoundhand BoldScript""/>(1668-1733)"	3.6.2	1.2.7	MS3	MS3/c02n03_air_tendre.mscx	False	36-82 (C2-Bb5)	MS3/c02n03_air_tendre.mscx	.mscx	Eva-Maria Hamberger	Johannes Menke	xml	Instrument 1	57-82 (A3-Bb5)	Instrument 1	36-65 (C2-F4)		
c02n04_air_contrefugue	1: 2/4	1: -1	65	62	126	128	124	249.5	(((64,), (65,)),)	259	679	411	0	0	154	d	2.1.0	Eva-Maria Hamberger	Johannes Menke	1722	1722	François Couperin	Concert no. 2		Concert Royal no 2: Air contrefugué					© Les Éditions Outremontaises, 2006	2019-10-25	3.02	Microsoft Windows			"<font size=""13.5""/><font face=""SnellRoundhand BlackScript""/>Concerts Royaux (1722)"	"<font size=""27""/><font face=""SnellRoundhand BoldScript""/>Air Contrefugué; <font size=""18""/><font face=""SnellRoundhand BoldScript""/>~ Second Concert ~"		"<font size=""18""/><font face=""SnellRoundhand BoldScript""/>François Couperin<font size=""13.5""/><font face=""SnellRoundhand BoldScript""/> 
<font size=""10.5""/><font face=""SnellRoundhand BoldScript""/>(1668-1733); <font size=""12""/>5"	3.6.2	1.2.7	MS3	MS3/c02n04_air_contrefugue.mscx	False	36-86 (C2-D6)	MS3/c02n04_air_contrefugue.mscx	.mscx	Eva-Maria Hamberger	Johannes Menke	xml	Instrument 1	57-86 (A3-D6)	Instrument 1	36-67 (C2-G4)		
c02n05_echos	1: 3/4	1: 2	85	85	255	139	139	417		644	817	393	0	0	158	D	2.1.0	Eva-Maria Hamberger	Johannes Menke	1722	1722	François Couperin	Concert no. 2		Concert Royal no 2: Échos					© Les Éditions Outremontaises, 2006	2019-10-09	3.02	Linux			"<font size=""13.5""/><font face=""SnellRoundhand BlackScript""/>Concerts Royaux (1722)"	"<font size=""27""/><font face=""SnellRoundhand BoldScript""/>Échos; <font size=""18""/><font face=""SnellRoundhand BoldScript""/>~ Second Concert ~"		"<font size=""12""/>7; <font size=""18""/><font face=""SnellRoundhand BoldScript""/>François Couperin<font size=""13.5""/><font face=""SnellRoundhand BoldScript""/> 
<font size=""10.5""/><font face=""SnellRoundhand BoldScript""/>(1668-1733)"	3.6.2	1.2.7	MS3	MS3/c02n05_echos.mscx	False	38-81 (D2-A5)	MS3/c02n05_echos.mscx	.mscx	Eva-Maria Hamberger	Johannes Menke	xml	Instrument 1	66-81 (F#4-A5)	Instrument 1	38-67 (D2-G4)		
c03n01_prelude	1: 4/4	1: 3	19	18	70.25	19	18	70.25		216	380	209	0	0	77	A	2.1.0	Tobias Drewelius	Johannes Menke	1722	1722	François Couperin	Concert no. 2		Concert Royal no 3: Prélude					© Les Éditions Outremontaises, 2006	2019-10-09	3.02	Linux			"<font size=""13.5""/><font face=""SnellRoundhand BlackScript""/>Concerts Royaux (1722)"	"<font size=""18""/><font face=""SnellRoundhand BoldScript""/>~ Troisième Concert ~; <font size=""27""/><font face=""SnellRoundhand BoldScript""/>Prélude"		"<font size=""18""/><font face=""SnellRoundhand BoldScript""/>François Couperin<font size=""13.5""/><font face=""SnellRoundhand BoldScript""/> 
<font size=""10.5""/><font face=""SnellRoundhand BoldScript""/>(1668-1733)"	3.6.2	1.2.7	MS3	MS3/c03n01_prelude.mscx	False	33-83 (A1-B5)	MS3/c03n01_prelude.mscx	.mscx	Tobias Drewelius	Johannes Menke	xml	Instrument 1	61-83 (C#4-B5)	Instrument 1	33-66 (A1-F#4)		
c03n02_allemande	1: 4/4	1: 3	20	17	72	40	34	144		159.75	356	228	0	0	106	A	2.1.0	Tobias Drewelius	Johannes Menke	1722	1722	François Couperin	Concert no. 2		Concert Royal no 3: Allemande					© Les Éditions Outremontaises, 2006	2019-10-09	3.02	Linux			"<font size=""13.5""/><font face=""SnellRoundhand BlackScript""/>Concerts Royaux (1722)"	"<font size=""27""/><font face=""SnellRoundhand BoldScript""/>Allemande; <font size=""18""/><font face=""SnellRoundhand BoldScript""/>~ Troisième Concert ~"		"<font size=""12""/>3; <font size=""18""/><font face=""SnellRoundhand BoldScript""/>François Couperin<font size=""13.5""/><font face=""SnellRoundhand BoldScript""/> 
<font size=""10.5""/><font face=""SnellRoundhand BoldScript""/>(1668-1733)"	3.6.2	1.2.7	MS3	MS3/c03n02_allemande.mscx	False	33-83 (A1-B5)	MS3/c03n02_allemande.mscx	.mscx	Tobias Drewelius	Johannes Menke	xml	Instrument 1	57-83 (A3-B5)	Instrument 1	33-63 (A1-D#4)		
c03n03_courante	1: 3/2	1: 0	28	25	162.5	49	48	288.5	(((11,), (12,)), ((25,), (26,)))	453.25	390	216	0	0	97	a	2.1.0	Tobias Drewelius	Johannes Menke	1722	1722	François Couperin	Concert no. 3		Concert Royal no 3: Courante					© Les Éditions Outremontaises, 2006	2019-10-09	3.02	Linux			"<font size=""13.5""/><font face=""SnellRoundhand BlackScript""/>Concerts Royaux (1722)"	"<font size=""18""/><font face=""SnellRoundhand BoldScript""/>~ Troisième Concert ~; <font size=""27""/><font face=""SnellRoundhand BoldScript""/>Courante"	"<font size=""12""/>4"	"<font size=""18""/><font face=""SnellRoundhand BoldScript""/>François Couperin<font size=""13.5""/><font face=""SnellRoundhand BoldScript""/> 
<font size=""10.5""/><font face=""SnellRoundhand BoldScript""/>(1668-1733)"	3.6.2	1.2.7	MS3	MS3/c03n03_courante.mscx	False	33-84 (A1-C6)	MS3/c03n03_courante.mscx	.mscx	Tobias Drewelius	Johannes Menke	xml	Instrument 1	60-84 (C4-C6)	Instrument 1	33-62 (A1-D4)		
c03n04_sarabande_grave	1: 3/4	1: 0	32	32	96	64	64	192		324	348	173	0	0	70	a	2.1.0	Tobias Drewelius	Johannes Menke	1722	1722	François Couperin	Concert no. 2		Concert Royal no 3: Sarabande					© Les Éditions Outremontaises, 2006	2019-10-09	3.02	Linux			"<font size=""13.5""/><font face=""SnellRoundhand BlackScript""/>Concerts Royaux (1722)"	"<font size=""18""/><font face=""SnellRoundhand BoldScript""/>~ Troisième Concert ~; <font size=""27""/><font face=""SnellRoundhand BoldScript""/>Sarabande grave"	"<font size=""12""/>6"	"<font size=""18""/><font face=""SnellRoundhand BoldScript""/>François Couperin<font size=""13.5""/><font face=""SnellRoundhand BoldScript""/> 
<font size=""10.5""/><font face=""SnellRoundhand BoldScript""/>(1668-1733)"	3.6.2	1.2.7	MS3	MS3/c03n04_sarabande_grave.mscx	False	33-81 (A1-A5)	MS3/c03n04_sarabande_grave.mscx	.mscx	Tobias Drewelius	Johannes Menke	xml	Instrument 1	59-81 (B3-A5)	Instrument 1	33-62 (A1-D4)		
c03n05_gavotte	1: 2/2	1: 0	28	25	104	56	50	208		244.5	356	192	0	0	87	a	2.1.0	Tobias Drewelius	Johannes Menke	1722	1722	François Couperin	Concert no. 3		Concert Royal no 3: Gavotte					© Les Éditions Outremontaises, 2006	2019-10-09	3.02	Linux			"<font size=""13.5""/><font face=""SnellRoundhand BlackScript""/>Concerts Royaux (1722)"	"<font size=""27""/><font face=""SnellRoundhand BoldScript""/>Gavotte; <font size=""18""/><font face=""SnellRoundhand BoldScript""/>~ Troisième Concert ~"		"<font size=""12""/>7; <font size=""18""/><font face=""SnellRoundhand BoldScript""/>François Couperin<font size=""13.5""/><font face=""SnellRoundhand BoldScript""/> 
<font size=""10.5""/><font face=""SnellRoundhand BoldScript""/>(1668-1733)"	3.6.2	1.2.7	MS3	MS3/c03n05_gavotte.mscx	False	33-81 (A1-A5)	MS3/c03n05_gavotte.mscx	.mscx	Tobias Drewelius	Johannes Menke	xml	Instrument 1	60-81 (C4-A5)	Instrument 1	33-64 (A1-E4)		
c03n06_musette_1	1: 6/8	1: 3, 19: 0	32	28	84	64	56	168		150	204	130	0	0	28	A	2.1.0	Tobias Drewelius	Johannes Menke	1722	1722	François Couperin	Concert no. 2		Concert Royal no 3: Muzette					© Les Éditions Outremontaises, 2006	2019-10-09	3.02	Linux			"<font size=""13.5""/><font face=""SnellRoundhand BlackScript""/>Concerts Royaux (1722)"	"<font size=""18""/><font face=""SnellRoundhand BoldScript""/>~ Troisième Concert ~; <font size=""27""/><font face=""SnellRoundhand BoldScript""/>Muzette"	"<font size=""12""/>8"	"<font size=""18""/><font face=""SnellRoundhand BoldScript""/>François Couperin<font size=""13.5""/><font face=""SnellRoundhand BoldScript""/> 
<font size=""10.5""/><font face=""SnellRoundhand BoldScript""/>(1668-1733)"	3.6.2	1.2.7	MS3	MS3/c03n06_musette_1.mscx	False	40-81 (E2-A5)	MS3/c03n06_musette_1.mscx	.mscx	Tobias Drewelius	Johannes Menke	xml	Instrument 1	60-81 (C4-A5)	Instrument 1	40-52 (E2-E3)		
c03n07_musette_2	1: 6/8	1: 3, 19: 0	32	27	84	64	55	168		232.5	354	160	0	0	33	A	2.1.0	Tobias Drewelius	Johannes Menke	1722	1722	François Couperin	Concert no. 3		Concert Royal no 3: Muzette B					© Les Éditions Outremontaises, 2006	2019-10-09	3.02	Linux			"<font size=""13.5""/><font face=""SnellRoundhand BlackScript""/>Concerts Royaux (1722)"	"<font size=""18""/><font face=""SnellRoundhand BoldScript""/>~ Troisième Concert ~; <font size=""27""/><font face=""SnellRoundhand BoldScript""/>Muzette"	Cette version inclut la partie de viole.	"<font size=""12""/>9; <font size=""18""/><font face=""SnellRoundhand BoldScript""/>François Couperin<font size=""13.5""/><font face=""SnellRoundhand BoldScript""/> 
<font size=""10.5""/><font face=""SnellRoundhand BoldScript""/>(1668-1733)"	3.6.2	1.2.7	MS3	MS3/c03n07_musette_2.mscx	False	40-81 (E2-A5)	MS3/c03n07_musette_2.mscx	.mscx	Tobias Drewelius	Johannes Menke	xml	Instrument 1	60-81 (C4-A5)	Instrument 1	40-64 (E2-E4)		
c03n08_chaconne_legere	1: 3/8	1: 0, 71: 3, 112: 0	132	87	193	141	95	205		428	1177	644	0	0	280	a	2.1.0	Tobias Drewelius	Johannes Menke	1722	1722	François Couperin	Concert no. 3		Concert Royal no 3: Prélude					© Les Éditions Outremontaises, 2006	2019-10-09	3.02	Linux			"<font size=""13.5""/><font face=""SnellRoundhand BlackScript""/>Concerts Royaux (1722)"	"<font size=""18""/><font face=""SnellRoundhand BoldScript""/>~ Troisième Concert ~; <font size=""27""/><font face=""SnellRoundhand BoldScript""/>Chaconne
<font size=""18""/><font face=""SnellRoundhand BoldScript""/>Légère"	"<font size=""12""/>10"	"<font size=""18""/><font face=""SnellRoundhand BoldScript""/>François Couperin<font size=""13.5""/><font face=""SnellRoundhand BoldScript""/> 
<font size=""10.5""/><font face=""SnellRoundhand BoldScript""/>(1668-1733)"	3.6.2	1.2.7	MS3	MS3/c03n08_chaconne_legere.mscx	False	40-84 (E2-C6)	MS3/c03n08_chaconne_legere.mscx	.mscx	Tobias Drewelius	Johannes Menke	xml	Instrument 1	60-84 (C4-C6)	Instrument 1	40-66 (E2-F#4)		
c04n01_prelude	1: 4/4	1: 1	14	14	54	14	14	54		121	245	143	0	0	86	e	2.1.0	Tobias Drewelius	Johannes Menke	1722	1722	François Couperin	Concert no. 4		Concert Royal 4					© Les Éditions Outremontaises, 2006	2019-10-09	3.02	Linux			"<font size=""13.5""/><font face=""SnellRoundhand BlackScript""/>Concerts Royaux (1722)"	"<font size=""18""/><font face=""SnellRoundhand BoldScript""/>~ Quatrième Concert ~; <font size=""27""/><font face=""SnellRoundhand BoldScript""/>Prélude"		"<font size=""18""/><font face=""SnellRoundhand BoldScript""/>François Couperin<font size=""13.5""/><font face=""SnellRoundhand BoldScript""/> 
<font size=""10.5""/><font face=""SnellRoundhand BoldScript""/>(1668-1733)"	3.6.2	1.2.7	MS3	MS3/c04n01_prelude.mscx	False	35-81 (B1-A5)	MS3/c04n01_prelude.mscx	.mscx	Tobias Drewelius	Johannes Menke	xml	Instrument 1	55-81 (G3-A5)	Instrument 1	35-64 (B1-E4)		
c04n02_allemande	1: 4/4	1: 1	16	14	56	32	28	112		121.5	261	158	0	0	77	e	2.1.0	Tobias Drewelius	Johannes Menke	1722	1722	François Couperin	Concert no. 4		Concert royal no 4: Allemande					© Les Éditions Outremontaises, 2006	2019-10-09	3.02	Linux			"<font size=""13.5""/><font face=""SnellRoundhand BlackScript""/>Concerts Royaux (1722)"	"<font size=""27""/><font face=""SnellRoundhand BoldScript""/>Allemande; <font size=""18""/><font face=""SnellRoundhand BoldScript""/>~ Quatrième Concert ~"	"<font size=""12""/>2"	"<font size=""18""/><font face=""SnellRoundhand BoldScript""/>François Couperin<font size=""13.5""/><font face=""SnellRoundhand BoldScript""/> 
<font size=""10.5""/><font face=""SnellRoundhand BoldScript""/>(1668-1733)"	3.6.2	1.2.7	MS3	MS3/c04n02_allemande.mscx	False	35-81 (B1-A5)	MS3/c04n02_allemande.mscx	.mscx	Tobias Drewelius	Johannes Menke	xml	Instrument 1	59-81 (B3-A5)	Instrument 1	35-62 (B1-D4)		
c04n03_courante_francoise	1: 3/2	1: 4	23	21	126	46	42	252		334.75	341	196	0	0	84	E	2.1.0	Tobias Drewelius	Johannes Menke	1722	1722	François Couperin	Concert no. 4		Concert Royal no 4: Courante française					© Les Éditions Outremontaises, 2006	2019-10-09	3.02	Linux			"<font size=""13.5""/><font face=""SnellRoundhand BlackScript""/>Concerts Royaux (1722)"	"<font size=""27""/><font face=""SnellRoundhand BoldScript""/>Courante Françoise; <font size=""18""/><font face=""SnellRoundhand BoldScript""/>~ Quatrième Concert ~"		"<font size=""12""/>3; <font size=""18""/><font face=""SnellRoundhand BoldScript""/>François Couperin<font size=""13.5""/><font face=""SnellRoundhand BoldScript""/> 
<font size=""10.5""/><font face=""SnellRoundhand BoldScript""/>(1668-1733)"	3.6.2	1.2.7	MS3	MS3/c04n03_courante_francoise.mscx	False	35-85 (B1-C#6)	MS3/c04n03_courante_francoise.mscx	.mscx	Tobias Drewelius	Johannes Menke	xml	Instrument 1	63-85 (D#4-C#6)	Instrument 1	35-66 (B1-F#4)		
c04n04_courante_a_litalienne	1: 6/8	1: 1	76	73	220.5	142	138	414	(((67,), (68,)),)	533	832	435	0	0	134	e	2.1.0	Tobias Drewelius	Johannes Menke	1722	1722	François Couperin	Concert no. 4		Concert Royal no 4: Courante italienne					© Les Éditions Outremontaises, 2006	2019-10-09	3.02	Linux			"<font size=""13.5""/><font face=""SnellRoundhand BlackScript""/>Concerts Royaux (1722)"	"<font size=""27""/><font face=""SnellRoundhand BoldScript""/>Courante à l’italiéne ; <font size=""18""/><font face=""SnellRoundhand BoldScript""/>~ Quatrième Concert ~"		"<font size=""18""/><font face=""SnellRoundhand BoldScript""/>François Couperin<font size=""13.5""/><font face=""SnellRoundhand BoldScript""/> 
<font size=""10.5""/><font face=""SnellRoundhand BoldScript""/>(1668-1733); <font size=""12""/>5"	3.6.2	1.2.7	MS3	MS3/c04n04_courante_a_litalienne.mscx	False	38-84 (D2-C6)	MS3/c04n04_courante_a_litalienne.mscx	.mscx	Tobias Drewelius	Johannes Menke	xml	Instrument 1	55-84 (G3-C6)	Instrument 1	38-66 (D2-F#4)		
c04n05_sarabande	1: 3/4	1: 4	24	24	72	48	48	144		191.5	185	92	0	0	47	E	2.1.0	Tobias Drewelius	Johannes Menke	1722	1722	François Couperin	Concert no. 4		Concert Royal no 4: Sarabande					© Les Éditions Outremontaises, 2006	2019-10-09	3.02	Linux			"<font size=""13.5""/><font face=""SnellRoundhand BlackScript""/>Concerts Royaux (1722)"	"<font size=""27""/><font face=""SnellRoundhand BoldScript""/>Sarabande; <font size=""18""/><font face=""SnellRoundhand BoldScript""/>~ Quatrième Concert ~"	"<font size=""12""/>8"	"<font size=""18""/><font face=""SnellRoundhand BoldScript""/>François Couperin<font size=""13.5""/><font face=""SnellRoundhand BoldScript""/> 
<font size=""10.5""/><font face=""SnellRoundhand BoldScript""/>(1668-1733)"	3.6.2	1.2.7	MS3	MS3/c04n05_sarabande.mscx	False	40-83 (E2-B5)	MS3/c04n05_sarabande.mscx	.mscx	Tobias Drewelius	Johannes Menke	xml	Instrument 1	63-83 (D#4-B5)	Instrument 1	40-71 (E2-B4)		
c04n06_rigaudon	1: 2/4	1: 4	44	41	84	88	82	168		157.25	292	196	0	0	59	E	2.1.0	Tobias Drewelius	Johannes Menke	1722	1722	François Couperin	Concert no. 4		Concert Royal no 4: Rigaudon					© Les Éditions Outremontaises, 2006	2019-10-09	3.02	Linux			"<font size=""13.5""/><font face=""SnellRoundhand BlackScript""/>Concerts Royaux (1722)"	"<font size=""27""/><font face=""SnellRoundhand BoldScript""/>Rigaudon; <font size=""18""/><font face=""SnellRoundhand BoldScript""/>~ Quatrième Concert ~"		"<font size=""12""/>9; <font size=""18""/><font face=""SnellRoundhand BoldScript""/>François Couperin<font size=""13.5""/><font face=""SnellRoundhand BoldScript""/> 
<font size=""10.5""/><font face=""SnellRoundhand BoldScript""/>(1668-1733)"	3.6.2	1.2.7	MS3	MS3/c04n06_rigaudon.mscx	False	35-81 (B1-A5)	MS3/c04n06_rigaudon.mscx	.mscx	Tobias Drewelius	Johannes Menke	xml	Instrument 1	57-81 (A3-A5)	Instrument 1	35-64 (B1-E4)		
c04n07_forlane	1: 6/8	1: 4, 49: 1	61	55	168	106	98	288		354.75	587	309	0	0	139	E	2.1.0	Tobias Drewelius	Johannes Menke	1722	1722	François Couperin	Concert no. 4		Concert Royal no 4: Forlane					© Les Éditions Outremontaises, 2006	2019-10-09	3.02	Linux			"<font size=""13.5""/><font face=""SnellRoundhand BlackScript""/>Concerts Royaux (1722)"	"<font size=""27""/><font face=""SnellRoundhand BoldScript""/>Forlane; <font size=""18""/><font face=""SnellRoundhand BoldScript""/>~ Quatrième Concert ~"	"<font size=""12""/>10"	"<font size=""18""/><font face=""SnellRoundhand BoldScript""/>François Couperin<font size=""13.5""/><font face=""SnellRoundhand BoldScript""/> 
<font size=""10.5""/><font face=""SnellRoundhand BoldScript""/>(1668-1733)"	3.6.2	1.2.7	MS3	MS3/c04n07_forlane.mscx	False	35-83 (B1-B5)	MS3/c04n07_forlane.mscx	.mscx	Tobias Drewelius	Johannes Menke	xml	Instrument 1	56-83 (G#3-B5)	Instrument 1	35-64 (B1-E4)		
c05n01_prelude	1: 3/8	1: -1	53	52	78	53	52	78		148	389	253	0	0	97	F	2.1.0	Johannes Menke		1724	1724	François Couperin	Concert no. 5								2019-08-01	3.02	Linux			"Prelude
"	c05n01		Francois Couperin	3.6.2	1.2.7	MS3	MS3/c05n01_prelude.mscx	False	36-84 (C2-C6)	MS3/c05n01_prelude.mscx	.mscx	Johannes Menke			Piano	64-84 (E4-C6)	Piano	36-65 (C2-F4)		
c05n02_allemande	1: 2/2	1: -1	46	43	177	89	86	347.5	(((12,), (13,)), ((45,), (46,)))	339.25	529	351	0	0	150	F	2.1.0	Johannes Menke		1724	1724	François Couperin	Concert no. 5								2019-08-01	3.02	Linux			"Allemande
"	c05n02		Francois Couperin	3.6.2	1.2.7	MS3	MS3/c05n02_allemande.mscx	False	36-86 (C2-D6)	MS3/c05n02_allemande.mscx	.mscx	Johannes Menke			Piano	62-86 (D4-D6)	Piano	36-67 (C2-G4)		
c05n03_sarabande	1: 3/4	1: -3	24	24	72	48	48	144		152	180	112	0	0	53	f	2.1.0	Johannes Menke		1724	1724	François Couperin	Concert no. 5								2019-08-01	3.02	Linux			"Sarabande
"	c05n03		Francois Couperin	3.6.2	1.2.7	MS3	MS3/c05n03_sarabande.mscx	False	36-80 (C2-Ab5)	MS3/c05n03_sarabande.mscx	.mscx	Johannes Menke			Piano	60-80 (C4-Ab5)	Piano	36-61 (C2-Db4)		
c05n04_gavote	1: 4/4	1: -3	34	32	128	68	64	256		256	386	245	0	0	98	f	2.1.0	Johannes Menke		1724	1724	François Couperin	Concert no. 5								2019-08-01	3.02	Linux			Gavote	c05n04		Francois Couperin	3.6.2	1.2.7	MS3	MS3/c05n04_gavote.mscx	False	36-84 (C2-C6)	MS3/c05n04_gavote.mscx	.mscx	Johannes Menke			Piano	65-84 (F4-C6)	Piano	36-65 (C2-F4)		
c05n05_musete	1: 6/8	1: -1	58	54	162	138	129	384		299.5	530	318	0	0	118	F	2.1.0	Johannes Menke		1724	1724	François Couperin	Concert no. 5								2019-08-01	3.02	Linux			Muséte	c05n05		Francois Couperin	3.6.2	1.2.7	MS3	MS3/c05n05_musete.mscx	False	38-86 (D2-D6)	MS3/c05n05_musete.mscx	.mscx	Johannes Menke			Piano	65-86 (F4-D6)	Piano	38-70 (D2-Bb4)		
c06n01_grave	1: 4/4	1: -2	24	24	96	24	24	96		186.5	299	226	0	0	108	Bb	2.1.0	Johannes Menke		1724	1724	François Couperin	Concert no. 6								2019-08-01	3.02	Linux			Gravement et mesure	c06n01		Francois Couperin	3.6.2	1.2.7	MS3	MS3/c06n01_grave.mscx	False	36-82 (C2-Bb5)	MS3/c06n01_grave.mscx	.mscx	Johannes Menke			Piano	60-82 (C4-Bb5)	Piano	36-70 (C2-Bb4)		
c06n02_allemande	1: 4/4	1: -2	33	31	123	54	51	202		231.5	518	335	1	0	123	Bb	2.1.0	Johannes Menke		1724	1724	François Couperin	Concert no. 6								2019-08-01	3.02	Linux			Allemande	c06n02		Francois Couperin	3.6.2	1.2.7	MS3	MS3/c06n02_allemande.mscx	False	36-86 (C2-D6)	MS3/c06n02_allemande.mscx	.mscx	Johannes Menke			Piano	63-86 (Eb4-D6)	Piano	36-65 (C2-F4)		
c06n03_sarabande	1: 3/4	1: -2	46	44	133	92	88	266		263	450	318	0	0	114	Bb	2.1.0	Johannes Menke		1724	1724	François Couperin	Concert no. 6								2019-08-01	3.02	Linux			Sarabande	c06n03		Francois Couperin	3.6.2	1.2.7	MS3	MS3/c06n03_sarabande.mscx	False	36-84 (C2-C6)	MS3/c06n03_sarabande.mscx	.mscx	Johannes Menke			Piano	65-84 (F4-C6)	Piano	36-65 (C2-F4)		
c06n04_air_diable	1: 2/4	1: -2	46	44	88	75	72	144		160.75	398	263	0	0	100	B	2.1.0	Johannes Menke		1724	1724	François Couperin	Concert no. 6								2019-08-01	3.02	Linux			Air de Diable	c06n04		Francois Couperin	3.6.2	1.2.7	MS3	MS3/c06n04_air_diable.mscx	False	36-84 (C2-C6)	MS3/c06n04_air_diable.mscx	.mscx	Johannes Menke			Piano	62-84 (D4-C6)	Piano	36-65 (C2-F4)		
c06n05_siciliene	1: 12/8	1: -2	23	21	126	46	42	252		243	468	272	0	0	125	Bb	2.1.0	Johannes Menke		1724	1724	François Couperin	Concert no. 6								2019-08-01	3.02	Linux			Siciliéne	c06n05		Francois Couperin	3.6.2	1.2.7	MS3	MS3/c06n05_siciliene.mscx	False	36-82 (C2-Bb5)	MS3/c06n05_siciliene.mscx	.mscx	Johannes Menke			Piano	63-82 (Eb4-Bb5)	Piano	36-67 (C2-G4)		
c07n01_grave	1: 4/4	1: -1	14	14	56	14	14	56		102	246	165	0	0	82	g	2.1.0	Johannes Menke		1724	1724	François Couperin	Concert no. 7								2019-08-01	3.02	Linux			Gravement et gracieusement	c07n01		Francois Couperin	3.6.2	1.2.7	MS3	MS3/c07n01_grave.mscx	False	38-84 (D2-C6)	MS3/c07n01_grave.mscx	.mscx	Johannes Menke			Piano	62-84 (D4-C6)	Piano	38-69 (D2-A4)		
c07n02_allemande	1: 4/4	1: -1	30	28	112	60	56	224		209	544	368	0	0	131	g	2.1.0	Johannes Menke		1724	1724	François Couperin	Concert no. 7								2019-08-01	3.02	Linux			Allemande	c07n02		Francois Couperin	3.6.2	1.2.7	MS3	MS3/c07n02_allemande.mscx	False	36-84 (C2-C6)	MS3/c07n02_allemande.mscx	.mscx	Johannes Menke			Piano	55-84 (G3-C6)	Piano	36-72 (C2-C5)		
c07n03_sarabande	1: 3/4	1: -1	33	33	99	66	66	198		182	226	115	0	0	74	g	2.1.0	Johannes Menke		1724	1724	François Couperin	Concert no. 7								2019-08-01	3.02	Linux			Sarabande	c07n03		Francois Couperin	3.6.2	1.2.7	MS3	MS3/c07n03_sarabande.mscx	False	36-84 (C2-C6)	MS3/c07n03_sarabande.mscx	.mscx	Johannes Menke			Piano	62-84 (D4-C6)	Piano	36-70 (C2-Bb4)		
c07n04_fuguete	1: 6/8	1: -1	52	50	150	104	100	300		280.5	804	555	0	0	128	g	2.1.0	Johannes Menke		1724	1724	François Couperin	Concert no. 7								2019-08-01	3.02	Linux			Fuguéte	c07n04		Francois Couperin	3.6.2	1.2.7	MS3	MS3/c07n04_fuguete.mscx	False	38-86 (D2-D6)	MS3/c07n04_fuguete.mscx	.mscx	Johannes Menke			Piano	55-86 (G3-D6)	Piano	38-72 (D2-C5)		
c07n05_gavote	1: 4/4	1: -1	30	28	112	60	56	224		184	263	179	0	0	60	g	2.1.0	Johannes Menke		1724	1724	François Couperin	Concert no. 7								2019-08-01	3.02	Linux			Gavote	c07n05		Francois Couperin	3.6.2	1.2.7	MS3	MS3/c07n05_gavote.mscx	False	38-82 (D2-Bb5)	MS3/c07n05_gavote.mscx	.mscx	Johannes Menke			Piano	65-82 (F4-Bb5)	Piano	38-67 (D2-G4)		
c07n06_siciliene	1: 12/8	1: -1	20	18	108	40	36	216		201.5	281	175	0	0	104	g	2.1.0	Johannes Menke		1724	1724	François Couperin	Concert no. 7								2019-08-01	3.02	Linux			Siciliéne	c07n06		Francois Couperin	3.6.2	1.2.7	MS3	MS3/c07n06_siciliene.mscx	False	38-82 (D2-Bb5)	MS3/c07n06_siciliene.mscx	.mscx	Johannes Menke			Piano	66-82 (F#4-Bb5)	Piano	38-63 (D2-Eb4)		
c08n01_ouverture	1: 4/4, 19: 3/4	1: 1	91	89	288.5	179	178	568.5	(((18,), (19,)),)	579.75	769	502	0	0	144	G	2.1.0	Johannes Menke		1724	1724	François Couperin	Concert no. 8								2019-08-01	3.02	Linux			Ouverture	c08n01		Francois Couperin	3.6.2	1.2.7	MS3	MS3/c08n01_ouverture.mscx	False	38-84 (D2-C6)	MS3/c08n01_ouverture.mscx	.mscx	Johannes Menke			Piano	62-84 (D4-C6)	Piano	38-74 (D2-D5)		
c08n02_ritournele	1: 2/2, 16: 6/4	1: -1	61	61	336	61	61	336		962	609	267	0	0	122	g	2.1.0	Johannes Menke		1724	1724	François Couperin	Concert no. 8								2019-08-01	3.02	Linux			Grande Ritournéle	c08n02		Francois Couperin	3.6.2	1.2.7	MS3	MS3/c08n02_ritournele.mscx	False	38-84 (D2-C6)	MS3/c08n02_ritournele.mscx	.mscx	Johannes Menke			Piano	67-84 (G4-C6)	Piano	62-81 (D4-A5)	Piano	38-75 (D2-Eb5)
c08n03_air	1: 4/4	1: -1	33	31	132	63	62	252	(((12,), (13,)), ((32,), (33,)))	249.5	298	192	0	0	64	g	2.1.0	Johannes Menke		1724	1724	François Couperin	Concert no. 8								2019-08-01	3.02	Linux			Air	c08n03		Francois Couperin	3.6.2	1.2.7	MS3	MS3/c08n03_air.mscx	False	38-82 (D2-Bb5)	MS3/c08n03_air.mscx	.mscx	Johannes Menke			Piano	65-82 (F4-Bb5)	Piano	38-65 (D2-F4)		
c08n04_air_tendre	1: 3/4	1: -1	27	24	72	63	57	168		144	137	84	0	0	51	g	2.1.0	Johannes Menke		1724	1724	François Couperin	Concert no. 8								2019-08-01	3.02	Linux			Air Tendre	c08n04		Francois Couperin	3.6.2	1.2.7	MS3	MS3/c08n04_air_tendre.mscx	False	38-81 (D2-A5)	MS3/c08n04_air_tendre.mscx	.mscx	Johannes Menke			Piano	67-81 (G4-A5)	Piano	38-60 (D2-C4)		
c08n05_air_leger	1: 3/8	1: 1	41	38	58	74	70	105	(((34,), (35,)),)	116	234	132	0	0	71	G	2.1.0	Johannes Menke		1724	1724	François Couperin	Concert no. 8								2019-08-01	3.02	Linux			Air Léger	c08n05		Francois Couperin	3.6.2	1.2.7	MS3	MS3/c08n05_air_leger.mscx	False	38-81 (D2-A5)	MS3/c08n05_air_leger.mscx	.mscx	Johannes Menke			Piano	62-81 (D4-A5)	Piano	38-64 (D2-E4)		
c08n06_Loure	1: 6/4	1: 1	34	32	192	68	64	384		379.5	302	172	0	0	112	G	2.1.0	Johannes Menke		1724	1724	François Couperin	Concert no. 8								2019-08-01	3.02	Linux			Loure	c08n06		Francois Couperin	3.6.2	1.2.7	MS3	MS3/c08n06_Loure.mscx	False	38-83 (D2-B5)	MS3/c08n06_Loure.mscx	.mscx	Johannes Menke			Piano	67-83 (G4-B5)	Piano	38-64 (D2-E4)		
c08n07_air	1: 4/4	1: -1	30	28	112	60	56	224		223	224	145	0	0	73	g	2.1.0	Johannes Menke		1724	1724	François Couperin	Concert no. 8								2019-08-01	3.02	Linux			Air	c08n07		Francois Couperin	3.6.2	1.2.7	MS3	MS3/c08n07_air.mscx	False	38-82 (D2-Bb5)	MS3/c08n07_air.mscx	.mscx	Johannes Menke			Piano	65-82 (F4-Bb5)	Piano	38-63 (D2-Eb4)		
c08n08_sarabande	1: 3/4	1: 1	26	24	78	48	48	144	(((8,), (9,)), ((25,), (26,)))	154.5	151	99	0	0	64	G	2.1.0	Johannes Menke		1724	1724	François Couperin	Concert no. 8								2019-08-01	3.02	Linux			Sarabande	c08n08		Francois Couperin	3.6.2	1.2.7	MS3	MS3/c08n08_sarabande.mscx	False	38-81 (D2-A5)	MS3/c08n08_sarabande.mscx	.mscx	Johannes Menke			Piano	67-81 (G4-A5)	Piano	38-64 (D2-E4)		
c08n09_air_leger	1: 3/4	1: 1	30	29	96	59	58	189	(((11,), (12,)),)	185	226	168	0	0	45	G	2.1.0	Johannes Menke		1724	1724	François Couperin	Concert no. 8								2019-08-01	3.02	Linux			Air Léger	c08n09		Francois Couperin	3.6.2	1.2.7	MS3	MS3/c08n09_air_leger.mscx	False	38-84 (D2-C6)	MS3/c08n09_air_leger.mscx	.mscx	Johannes Menke			Piano	66-84 (F#4-C6)	Piano	38-64 (D2-E4)		
c08n10_air_lentement	1: 3/4	1: -1	49	46	147	93	93	279	(((20,), (21,)), ((47, 48), (49,)))	285	369	225	0	0	101	g	2.1.0	Johannes Menke		1724	1724	François Couperin	Concert no. 8								2019-08-01	3.02	Linux			Air Tendre	c08n10		Francois Couperin	3.6.2	1.2.7	MS3	MS3/c08n10_air_lentement.mscx	False	38-82 (D2-Bb5)	MS3/c08n10_air_lentement.mscx	.mscx	Johannes Menke			Piano	66-82 (F#4-Bb5)	Piano	38-77 (D2-F5)		
c08n11_air_baccantes	1: 6/4	1: 1	20	18	109	40	36	218		206	223	149	0	0	58	G	2.1.0	Johannes Menke		1724	1724	François Couperin	Concert no. 8								2019-08-01	3.02	Linux			Air de Baccantes	c08n11		Francois Couperin	3.6.2	1.2.7	MS3	MS3/c08n11_air_baccantes.mscx	False	38-83 (D2-B5)	MS3/c08n11_air_baccantes.mscx	.mscx	Johannes Menke			Piano	62-83 (D4-B5)	Piano	38-64 (D2-E4)		
c09n01_charme	1: 4/4	1: 4	20	20	78	20	20	78		145.5	403	263	0	0	125	E	2.1.0	Tobias Drewelius	Johannes Menke	1724	1724	François Couperin	Concert no. 9								2019-08-01	3.02	Linux			Le Charme	c09n01		Francois Couperin	3.6.2	1.2.7	MS3	MS3/c09n01_charme.mscx	False	40-83 (E2-B5)	MS3/c09n01_charme.mscx	.mscx	Tobias Drewelius	Johannes Menke		Piano	61-83 (C#4-B5)	Piano	40-71 (E2-B4)		
c09n02_lenjouement	1: 4/4	1: 4	37	34	138	72	68	273.5	(((36,), (37,)),)	247.75	607	420	0	0	173	E	2.1.0	Tobias Drewelius	Johannes Menke	1724	1724	François Couperin	Concert no. 9								2019-08-01	3.02	Linux			L'enjoüement	c09n02		Francois Couperin	3.6.2	1.2.7	MS3	MS3/c09n02_lenjouement.mscx	False	40-83 (E2-B5)	MS3/c09n02_lenjouement.mscx	.mscx	Tobias Drewelius	Johannes Menke		Piano	59-83 (B3-B5)	Piano	40-64 (E2-E4)		
c09n03_graces	1: 6/4	1: 4	24	22	132	48	44	264		266.5	318	209	0	0	87	E	2.1.0	Tobias Drewelius	Johannes Menke	1724	1724	François Couperin	Concert no. 9								2019-08-01	3.02	Linux			Les Graces	c09n03		Francois Couperin	3.6.2	1.2.7	MS3	MS3/c09n03_graces.mscx	False	40-81 (E2-A5)	MS3/c09n03_graces.mscx	.mscx	Tobias Drewelius	Johannes Menke		Piano	61-81 (C#4-A5)	Piano	40-73 (E2-C#5)		
c09n04_Lejene	1: 2/4	1: 4	54	52	104	108	104	208		187.25	354	221	0	0	110	E	2.1.0	Tobias Drewelius	Johannes Menke	1724	1724	François Couperin	Concert no. 9								2019-08-01	3.02	Linux			Le, je-ne-Scay-quoy	c09n04		Francois Couperin	3.6.2	1.2.7	MS3	MS3/c09n04_Lejene.mscx	False	40-80 (E2-G#5)	MS3/c09n04_Lejene.mscx	.mscx	Tobias Drewelius	Johannes Menke		Piano	64-80 (E4-G#5)	Piano	40-68 (E2-G#4)		
c09n05_vivacite	1: 4/4	1: 4	37	35	140	74	70	280		266	673	431	0	0	161	E	2.1.0	Tobias Drewelius	Johannes Menke	1724	1724	François Couperin	Concert no. 9								2019-08-01	3.02	Linux			La Vivacité	c09n05		Francois Couperin	3.6.2	1.2.7	MS3	MS3/c09n05_vivacite.mscx	False	40-83 (E2-B5)	MS3/c09n05_vivacite.mscx	.mscx	Tobias Drewelius	Johannes Menke		Piano	58-83 (A#3-B5)	Piano	40-69 (E2-A4)		
c09n06_Sarabande	1: 3/4	1: 1	25	24	75	49	48	147	(((8,), (9,)),)	144	213	141	0	0	50	e	2.1.0	Tobias Drewelius	Johannes Menke	1724	1724	François Couperin	Concert no. 9								2019-08-01	3.02	Linux			Sarabande	c09n06		Francois Couperin	3.6.2	1.2.7	MS3	MS3/c09n06_Sarabande.mscx	False	40-85 (E2-C#6)	MS3/c09n06_Sarabande.mscx	.mscx	Tobias Drewelius	Johannes Menke		Piano	63-85 (D#4-C#6)	Piano	40-62 (E2-D4)		
c09n07_douceur	1: 3/8	1: 1	45	42	64.5	87	84	126.75	(((17,), (18,)), ((44,), (45,)))	130.75	329	203	0	0	98	e	2.1.0	Tobias Drewelius	Johannes Menke	1724	1724	François Couperin	Concert no. 9								2019-08-01	3.02	Linux			La Douceur	c09n07		Francois Couperin	3.6.2	1.2.7	MS3	MS3/c09n07_douceur.mscx	False	35-81 (B1-A5)	MS3/c09n07_douceur.mscx	.mscx	Tobias Drewelius	Johannes Menke		Piano	63-81 (D#4-A5)	Piano	35-60 (B1-C4)		
c09n08_caetera	1: 6/8	1: 1, 15: 4	27	23	69	54	46	138		128	314	212	0	0	73	e	2.1.0	Tobias Drewelius	Johannes Menke	1724	1724	François Couperin	Concert no. 9								2019-08-01	3.02	Linux			L'et Caetera ou Menuets	c09n08		Francois Couperin	3.6.2	1.2.7	MS3	MS3/c09n08_caetera.mscx	False	40-81 (E2-A5)	MS3/c09n08_caetera.mscx	.mscx	Tobias Drewelius	Johannes Menke		Piano	62-81 (D4-A5)	Piano	40-67 (E2-G4)		
c10n01_gravement	1: 4/4	1: 0	14	14	56	14	14	56		106	249	181	0	0	73	a	2.1.0	Tobias Drewelius	Johannes Menke	1724	1724	François Couperin	Concert no. 10								2019-08-01	3.02	Linux			Gravement	c10n01		Francois Couperin	3.6.2	1.2.7	MS3	MS3/c10n01_gravement.mscx	False	40-83 (E2-B5)	MS3/c10n01_gravement.mscx	.mscx	Tobias Drewelius	Johannes Menke		Piano	64-83 (E4-B5)	Piano	40-64 (E2-E4)		
c10n02_air	1: 6/8	1: 0	34	32	96	68	64	192		182.25	429	266	0	0	122	a	2.1.0	Tobias Drewelius	Johannes Menke	1724	1724	François Couperin	Concert no. 10								2019-08-01	3.02	Linux			Air Tender e Louré	c10n02		Francois Couperin	3.6.2	1.2.7	MS3	MS3/c10n02_air.mscx	False	40-84 (E2-C6)	MS3/c10n02_air.mscx	.mscx	Tobias Drewelius	Johannes Menke		Piano	59-84 (B3-C6)	Piano	40-65 (E2-F4)		
c10n03_plainte	1: 4/4	1: 3, 23: 0	41	36	153	75	71	284.5	(((8,), (9,)), ((21,), (22,)), ((40,), (41,)))	388.5	530	263	0	0	88	A	2.1.0	Tobias Drewelius	Johannes Menke	1724	1724	François Couperin	Concert no. 10								2019-08-01	3.02	Linux			Plainte, pour les Violes ou autres instruments a l'unisson	c10n03		Francois Couperin	3.6.2	1.2.7	MS3	MS3/c10n03_plainte.mscx	False	33-71 (A1-B4)	MS3/c10n03_plainte.mscx	.mscx	Tobias Drewelius	Johannes Menke		Piano	52-71 (E3-B4)	Piano	33-69 (A1-A4)		
c10n04_tromba	1: 6/8	1: 3	44	42	126	88	84	252		237.5	388	263	0	0	66	A	2.1.0	Tobias Drewelius	Johannes Menke	1724	1724	François Couperin	Concert no. 10								2019-08-01	3.02	Linux			La Tromba	c10n04		Francois Couperin	3.6.2	1.2.7	MS3	MS3/c10n04_tromba.mscx	False	40-83 (E2-B5)	MS3/c10n04_tromba.mscx	.mscx	Tobias Drewelius	Johannes Menke		Piano	59-83 (B3-B5)	Piano	40-71 (E2-B4)		
c11n01_majestueusement	1: 6/4	1: -2	38	38	228	38	38	228		429.5	297	222	0	0	85	c	2.1.0	Tobias Drewelius	Johannes Menke	1724	1724	François Couperin	Concert no. 11								2019-08-01	3.02	Linux			Majestueusement	c11n01		Francois Couperin	3.6.2	1.2.7	MS3	MS3/c11n01_majestueusement.mscx	False	41-84 (F2-C6)	MS3/c11n01_majestueusement.mscx	.mscx	Tobias Drewelius	Johannes Menke		Piano	65-84 (F4-C6)	Piano	41-67 (F2-G4)		
c11n02_allemande	1: 4/4	1: -2	24	22	88	48	44	176		159.62	479	318	0	0	116	c	2.1.0	Tobias Drewelius	Johannes Menke	1724	1724	François Couperin	Concert no. 11								2019-08-01	3.02	Linux			Allemande	c11n02		Francois Couperin	3.6.2	1.2.7	MS3	MS3/c11n02_allemande.mscx	False	36-82 (C2-Bb5)	MS3/c11n02_allemande.mscx	.mscx	Tobias Drewelius	Johannes Menke		Piano	60-82 (C4-Bb5)	Piano	36-63 (C2-Eb4)		
c11n03_seconde_allemande	1: 4/4	1: -2	22	20	80	44	40	160		152.5	423	268	0	0	113	c	2.1.0	Tobias Drewelius	Johannes Menke	1724	1724	François Couperin	Concert no. 11								2019-08-01	3.02	Linux			Seconde Allemande plus Légére	c11n03		Francois Couperin	3.6.2	1.2.7	MS3	MS3/c11n03_seconde_allemande.mscx	False	36-84 (C2-C6)	MS3/c11n03_seconde_allemande.mscx	.mscx	Tobias Drewelius	Johannes Menke		Piano	66-84 (F#4-C6)	Piano	36-67 (C2-G4)		
c11n04_courante	1: 6/4	1: -2	21	18	113.5	38	34	204	(((18,), (19,)),)	224	246	154	0	0	81	c	2.1.0	Tobias Drewelius	Johannes Menke	1724	1724	François Couperin	Concert no. 11								2019-08-01	3.02	Linux			Courante	c11n04		Francois Couperin	3.6.2	1.2.7	MS3	MS3/c11n04_courante.mscx	False	36-80 (C2-Ab5)	MS3/c11n04_courante.mscx	.mscx	Tobias Drewelius	Johannes Menke		Piano	65-80 (F4-Ab5)	Piano	36-65 (C2-F4)		
c11n05_seconde_courante	1: 6/4	1: 0	23	21	126	46	42	252		243.25	279	181	0	0	83	C	2.1.0	Tobias Drewelius	Johannes Menke	1724	1724	François Couperin	Concert no. 11								2019-08-01	3.02	Linux			Seconde Courante	c11n05		Francois Couperin	3.6.2	1.2.7	MS3	MS3/c11n05_seconde_courante.mscx	False	36-81 (C2-A5)	MS3/c11n05_seconde_courante.mscx	.mscx	Tobias Drewelius	Johannes Menke		Piano	60-81 (C4-A5)	Piano	36-62 (C2-D4)		
c11n06_sarabande	1: 3/4	1: -2	36	36	108	72	72	216		196	260	196	0	0	67	c	2.1.0	Tobias Drewelius	Johannes Menke	1724	1724	François Couperin	Concert no. 11								2019-08-01	3.02	Linux			Sarabande	c11n06		Francois Couperin	3.6.2	1.2.7	MS3	MS3/c11n06_sarabande.mscx	False	36-81 (C2-A5)	MS3/c11n06_sarabande.mscx	.mscx	Tobias Drewelius	Johannes Menke		Piano	55-81 (G3-A5)	Piano	36-65 (C2-F4)		
c11n07_gigue	1: 6/8	1: -2	46	43	135	88	86	259.5	(((15,), (16,)), ((45,), (46,)))	261.75	469	263	0	0	165	c	2.1.0	Tobias Drewelius	Johannes Menke	1724	1724	François Couperin	Concert no. 11								2019-08-01	3.02	Linux			Gigue	c11n07		Francois Couperin	3.6.2	1.2.7	MS3	MS3/c11n07_gigue.mscx	False	36-84 (C2-C6)	MS3/c11n07_gigue.mscx	.mscx	Tobias Drewelius	Johannes Menke		Piano	60-84 (C4-C6)	Piano	36-67 (C2-G4)		
c11n08_Rondeau	1: 3/8	1: -2	60	56	84.25	138	130	192.5		162.75	434	264	0	0	129	c	2.1.0	Tobias Drewelius	Johannes Menke	1724	1724	François Couperin	Concert no. 11								2019-08-01	3.02	Linux			Rondeau	c11n08		Francois Couperin	3.6.2	1.2.7	MS3	MS3/c11n08_Rondeau.mscx	False	36-79 (C2-G5)	MS3/c11n08_Rondeau.mscx	.mscx	Tobias Drewelius	Johannes Menke		Piano	58-79 (Bb3-G5)	Piano	36-62 (C2-D4)		
c12n01_pointe	1: 6/4	1: 3	42	41	248	84	82	496		479	380	251	0	0	0		2.1.0	Johannes Menke		1724	1724	François Couperin	Concert no. 12								2019-08-01	3.02	Linux			Pointé Coule	c12n01		Francois Couperin	3.6.2	1.2.7	MS3	MS3/c12n01_pointe.mscx	False	40-71 (E2-B4)	MS3/c12n01_pointe.mscx	.mscx	Johannes Menke			Piano	52-71 (E3-B4)	Piano	40-66 (E2-F#4)		
c12n02_badinage	1: 6/8, 46: 4/4	1: 3	59	59	191	59	59	191		357.25	800	507	0	0	0		2.1.0	Johannes Menke		1724	1724	François Couperin	Concert no. 12								2019-08-01	3.02	Linux			Badinage	c12n02		Francois Couperin	3.6.2	1.2.7	MS3	MS3/c12n02_badinage.mscx	False	38-71 (D2-B4)	MS3/c12n02_badinage.mscx	.mscx	Johannes Menke			Piano	52-71 (E3-B4)	Piano	38-64 (D2-E4)		
c12n03_air	1: 2/4	1: 3	60	58	117	103	100	202		231.75	707	430	0	0	0		2.1.0	Johannes Menke		1724	1724	François Couperin	Concert no. 12								2019-08-01	3.02	Linux			Air	c12n03		Francois Couperin	3.6.2	1.2.7	MS3	MS3/c12n03_air.mscx	False	40-71 (E2-B4)	MS3/c12n03_air.mscx	.mscx	Johannes Menke			Piano	40-71 (E2-B4)	Piano	40-66 (E2-F#4)		
c13n01_unisson	1: 4/4	1: 1	18	18	72	18	18	72		139.75	393	240	0	0	0		2.1.0	Johannes Menke		1724	1724	François Couperin	Concert no. 13								2019-08-01	3.02	Linux			L'unisson	c13n01		Francois Couperin	3.6.2	1.2.7	MS3	MS3/c13n01_unisson.mscx	False	36-66 (C2-F#4)	MS3/c13n01_unisson.mscx	.mscx	Johannes Menke			Piano	50-66 (D3-F#4)	Piano	36-64 (C2-E4)		
c13n02_air	1: 6/8	1: -1	26	24	72	52	48	144		139.5	334	185	0	0	0		2.1.0	Johannes Menke		1724	1724	François Couperin	Concert no. 13								2019-08-01	3.02	Linux			Air	c13n02		Francois Couperin	3.6.2	1.2.7	MS3	MS3/c13n02_air.mscx	False	38-67 (D2-G4)	MS3/c13n02_air.mscx	.mscx	Johannes Menke			Piano	50-67 (D3-G4)	Piano	38-63 (D2-Eb4)		
c13n03_sarabande	1: 3/4	1: 1	30	29	90	59	58	177	(((8,), (9,)),)	172	229	141	0	0	0		2.1.0	Johannes Menke		1724	1724	François Couperin	Concert no. 13								2019-08-01	3.02	Linux			Sarabande	c13n03		Francois Couperin	3.6.2	1.2.7	MS3	MS3/c13n03_sarabande.mscx	False	38-67 (D2-G4)	MS3/c13n03_sarabande.mscx	.mscx	Johannes Menke			Piano	50-67 (D3-G4)	Piano	38-64 (D2-E4)		
c13n04_chaconne	1: 3/8	1: 1, 33: -1, 61: 1	93	93	139.5	93	93	139.5		257.75	714	451	0	0	0		2.1.0	Johannes Menke		1724	1724	François Couperin	Concert no. 13								2019-08-01	3.02	Linux			Chaconne	c13n04		Francois Couperin	3.6.2	1.2.7	MS3	MS3/c13n04_chaconne.mscx	False	36-67 (C2-G4)	MS3/c13n04_chaconne.mscx	.mscx	Johannes Menke			Piano	47-67 (B2-G4)	Piano	36-62 (C2-D4)		
c14n01_gravement	1: 4/4	1: 0	15	15	60	15	15	60		111.5	283	191	0	0	83	d	2.1.0	Johannes Menke		1724	1724	François Couperin	Concert no. 14								2019-08-01	3.02	Linux			Gravement	c14n01		Francois Couperin	3.6.2	1.2.7	MS3	MS3/c14n01_gravement.mscx	False	38-82 (D2-Bb5)	MS3/c14n01_gravement.mscx	.mscx	Johannes Menke			Piano	62-82 (D4-Bb5)	Piano	38-62 (D2-D4)		
c14n02_allemande	1: 4/4	1: 0	27	24	96.5	51	47	188	(((26,), (27,)),)	172.75	363	242	0	0	94	d	2.1.0	Johannes Menke		1724	1724	François Couperin	Concert no. 14								2019-08-01	3.02	Linux			Allemande	c14n02		Francois Couperin	3.6.2	1.2.7	MS3	MS3/c14n02_allemande.mscx	False	38-82 (D2-Bb5)	MS3/c14n02_allemande.mscx	.mscx	Johannes Menke			Piano	57-82 (A3-Bb5)	Piano	38-65 (D2-F4)		
c14n03_sarabande	1: 3/4	1: 0	28	28	84	56	56	168		159.75	196	124	0	0	55	d	2.1.0	Johannes Menke		1724	1724	François Couperin	Concert no. 14								2019-08-01	3.02	Linux			Sarabande	c14n03		Francois Couperin	3.6.2	1.2.7	MS3	MS3/c14n03_sarabande.mscx	False	41-82 (F2-Bb5)	MS3/c14n03_sarabande.mscx	.mscx	Johannes Menke			Piano	57-82 (A3-Bb5)	Piano	41-64 (F2-E4)		
c14n04_fuguete	1: 6/8	1: 0	56	56	168	56	56	168		317.25	803	543	0	0	215	d	2.1.0	Johannes Menke		1724	1724	François Couperin	Concert no. 14								2019-08-01	3.02	Linux			Fuguéte	c14n04		Francois Couperin	3.6.2	1.2.7	MS3	MS3/c14n04_fuguete.mscx	False	38-84 (D2-C6)	MS3/c14n04_fuguete.mscx	.mscx	Johannes Menke			Piano	57-84 (A3-C6)	Piano	38-69 (D2-A4)		
parnasse_01	1: 4/4	1: 2	18	18	70	18	18	70		196	339	195	0	0	81	b	2.1.0	Johannes Menke		1724	1724	François Couperin	Le Parnasse								2019-08-01	3.02	Linux			Corelli au piéd du Parnasse prie les Muses de le Recevoir parmi elles.	parnasse_01		Francois Couperin	3.6.2	1.2.7	MS3	MS3/parnasse_01.mscx	False	38-88 (D2-E6)	MS3/parnasse_01.mscx	.mscx	Johannes Menke			Piano	61-88 (C#4-E6)	Piano	58-83 (A#3-B5)	Piano	38-67 (D2-G4)
parnasse_02	1: 6/8	1: 2	62	62	184.5	62	62	184.5		497	1156	613	0	0	243	b	2.1.0	Johannes Menke		1724	1724	François Couperin	Le Parnasse								2019-08-01	3.02	Linux			Corelli Charmé de la bonne réception qu'on lui fait au Parnasse en marque Sajoye	parnasse_02		Francois Couperin	3.6.2	1.2.7	MS3	MS3/parnasse_02.mscx	False	38-86 (D2-D6)	MS3/parnasse_02.mscx	.mscx	Johannes Menke			Piano	57-86 (A3-D6)	Piano	59-85 (B3-C#6)	Piano	38-66 (D2-F#4)
parnasse_03	1: 4/4	1: 2	59	58	235	59	58	235		655	627	452	0	0	105	D	2.1.0	Johannes Menke		1724	1724	François Couperin	Le Parnasse								2019-08-01	3.02	Linux			Corelli buvant á la Source D'hypocrene Sa troupe Continue	parnasse_03		Francois Couperin	3.6.2	1.2.7	MS3	MS3/parnasse_03.mscx	False	38-86 (D2-D6)	MS3/parnasse_03.mscx	.mscx	Johannes Menke			Piano	61-86 (C#4-D6)	Piano	57-84 (A3-C6)	Piano	38-67 (D2-G4)
parnasse_04	1: 3/8	1: 2	57	57	84.5	57	57	84.5		196.62	602	349	0	0	98	D	2.1.0	Johannes Menke		1724	1724	François Couperin	Le Parnasse								2019-08-01	3.02	Linux			Entouziafme de Corelli Causé par les eaux D'hypocréne	parnasse_04		Francois Couperin	3.6.2	1.2.7	MS3	MS3/parnasse_04.mscx	False	40-83 (E2-B5)	MS3/parnasse_04.mscx	.mscx	Johannes Menke			Piano	62-83 (D4-B5)	Piano	57-83 (A3-B5)	Piano	40-69 (E2-A4)
parnasse_05	1: 4/4	1: 2	27	26	107.5	27	26	107.5		276	405	216	0	0	102	D	2.3.0	Johannes Menke (2.1.1), Hanné Becker (2.3.0)		1724	1724	François Couperin	Le Parnasse								2019-08-01	3.02	Linux			"Corelli aprés son Entouziasme S'endort;
et sa Troupe joue le Sommeil suivat tres doux"	parnasse_05		Francois Couperin	3.6.2	1.2.7	MS3	MS3/parnasse_05.mscx	False	36-83 (C2-B5)	MS3/parnasse_05.mscx	.mscx	Johannes Menke			Piano	59-83 (B3-B5)	Piano	55-83 (G3-B5)	Piano	36-66 (C2-F#4)
parnasse_06	1: 3/8	1: 2	32	32	48	32	32	48		121.63	439	223	0	0	56	D	2.1.0	Johannes Menke		1724	1724	François Couperin	Le Parnasse								2019-08-01	3.02	Linux			Les Muses reveillent Corelli et le placent auprés D'Apollon	parnasse_06		Francois Couperin	3.6.2	1.2.7	MS3	MS3/parnasse_06.mscx	False	38-83 (D2-B5)	MS3/parnasse_06.mscx	.mscx	Johannes Menke			Piano	65-83 (E#4-B5)	Piano	64-83 (E4-B5)	Piano	38-66 (D2-F#4)
parnasse_07	1: 4/4	1: 2	53	53	212	53	53	212		514	1257	686	0	0	224	b	2.1.0	Johannes Menke		1724	1724	François Couperin	Le Parnasse								2019-08-01	3.02	Linux			Remerciment de Corelli	parnasse_07		Francois Couperin	3.6.2	1.2.7	MS3	MS3/parnasse_07.mscx	False	38-86 (D2-D6)	MS3/parnasse_07.mscx	.mscx	Johannes Menke			Piano	61-84 (C#4-C6)	Piano	59-86 (B3-D6)	Piano	38-69 (D2-A4)
